wave,gender,income_comparison,age,mean_effect,std,sem,hdi_5,hdi_95
Wave-1,Female,£0-£300→£301-£490,18.0,-0.01726962022850255,0.016163659363620915,0.0005111397891214986,-0.04436329980204263,0.006549850050482493
Wave-1,Female,£0-£300→£301-£490,19.03174603174603,-0.01731476735418825,0.016187866442421234,0.0005119052841665805,-0.044474155701104544,0.0065023816762364494
Wave-1,Female,£0-£300→£301-£490,20.063492063492063,-0.017359031287040628,0.016210891258061688,0.0005126333927678735,-0.04458138788577753,0.00650477223284544
Wave-1,Female,£0-£300→£301-£490,21.095238095238095,-0.017402379289098227,0.016232709101748448,0.0005133233335647103,-0.04467650782959856,0.006494215326446886
Wave-1,Female,£0-£300→£301-£490,22.126984126984127,-0.017444778662164897,0.01625329589468863,0.0005139743451188028,-0.044763476979348904,0.006499621073883288
Wave-1,Female,£0-£300→£301-£490,23.158730158730158,-0.01748619680376387,0.01627262823930223,0.0005145856875337056,-0.044846722457989985,0.006507185851209451
Wave-1,Female,£0-£300→£301-£490,24.19047619047619,-0.017526601264862444,0.016290683470738743,0.000515156644083914,-0.04502319151538564,0.006505838670422481
Wave-1,Female,£0-£300→£301-£490,25.22222222222222,-0.017565959809225894,0.016307439708544945,0.0005156865228487442,-0.045242495893956736,0.0065029559595380084
Wave-1,Female,£0-£300→£301-£490,26.253968253968253,-0.017604240474243787,0.016322875908318164,0.0005161746583457517,-0.04536947681175561,0.006498551512096107
Wave-1,Female,£0-£300→£301-£490,27.285714285714285,-0.017641411633056676,0.016336971913166905,0.0005166204131580597,-0.04531243144261447,0.006492641180127308
Wave-1,Female,£0-£300→£301-£490,28.317460317460316,-0.01767744205779609,0.01634970850478893,0.00051702317954959,-0.045252036804866634,0.0064852428366864836
Wave-1,Female,£0-£300→£301-£490,29.349206349206348,-0.017712300983736266,0.016361067453965494,0.0005173823810618302,-0.04527346416071911,0.006476376333298974
Wave-1,Female,£0-£300→£301-£490,30.380952380952383,-0.017745958174141777,0.016371031570259702,0.0005176974740854352,-0.04535829262307151,0.006453813859926199
Wave-1,Female,£0-£300→£301-£490,31.412698412698415,-0.017778383985581882,0.016379584750697233,0.0005179679493996451,-0.04543908063140091,0.006421774278208769
Wave-1,Female,£0-£300→£301-£490,32.44444444444444,-0.017809549433469848,0.016386712027198845,0.0005181933336722341,-0.04551566870901283,0.006420129943792587
Wave-1,Female,£0-£300→£301-£490,33.47619047619048,-0.01783942625757381,0.016392399612526646,0.0005183731909124581,-0.04558278771788281,0.006417033977986176
Wave-1,Female,£0-£300→£301-£490,34.507936507936506,-0.017867986987235518,0.01639663494450001,0.0005185071238692858,-0.045584060780364595,0.006402671962193701
Wave-1,Female,£0-£300→£301-£490,35.539682539682545,-0.01789520500602409,0.016399406728232653,0.0005185947753670513,-0.04558216407454493,0.0063852807437655545
Wave-1,Female,£0-£300→£301-£490,36.57142857142857,-0.01792105461554467,0.0164007049761399,0.0005186358295705958,-0.045577087493071176,0.006366594176989136
Wave-1,Female,£0-£300→£301-£490,37.60317460317461,-0.017945511098115978,0.016400521045464488,0.000518630013171937,-0.04560241994592049,0.006346645358549367
Wave-1,Female,£0-£300→£301-£490,38.63492063492063,-0.01796855077802697,0.016398847673071235,0.0005185770964905738,-0.04562637488954365,0.006326201340702695
Wave-1,Female,£0-£300→£301-£490,39.66666666666667,-0.01799015108108112,0.016395679007264942,0.000518476894479656,-0.045645701756605796,0.006347658606465812
Wave-1,Female,£0-£300→£301-£490,40.698412698412696,-0.01801029059213723,0.016391010636392624,0.0005183292676304668,-0.04579366946444991,0.006356862981457641
Wave-1,Female,£0-£300→£301-£490,41.730158730158735,-0.01802894911035849,0.016384839614000866,0.0005181341227679683,-0.04572584659131658,0.0063356068642126985
Wave-1,Female,£0-£300→£301-£490,42.761904761904766,-0.018046107701886756,0.016377164480331358,0.0005178914137305494,-0.0456755887561808,0.00625331039271915
Wave-1,Female,£0-£300→£301-£490,43.7936507936508,-0.01806174874966679,0.016367985279952965,0.0005176011419276014,-0.045676095032327314,0.006201603524410712
Wave-1,Female,£0-£300→£301-£490,44.82539682539683,-0.018075856000155537,0.016357303575347086,0.0005172633567691245,-0.04567183625161308,0.006173700530283075
Wave-1,Female,£0-£300→£301-£490,45.85714285714286,-0.018088414606664365,0.016345122456284198,0.0005168781559622403,-0.04569739592434736,0.00614492685857335
Wave-1,Female,£0-£300→£301-£490,46.88888888888889,-0.018099411169097763,0.01633144654485362,0.0005164456856702467,-0.045737360719413145,0.006115325627540342
Wave-1,Female,£0-£300→£301-£490,47.920634920634924,-0.01810883376986971,0.016316281996035135,0.0005159661405306944,-0.045773294097811064,0.006084940402828242
Wave-1,Female,£0-£300→£301-£490,48.952380952380956,-0.01811667200579931,0.016299636493730455,0.0005154397635298907,-0.04580518916457873,0.006050526524805426
Wave-1,Female,£0-£300→£301-£490,49.98412698412699,-0.01812291701580952,0.01628151924220364,0.0005148668457322218,-0.04583304242636547,0.005998584630581478
Wave-1,Female,£0-£300→£301-£490,51.01587301587302,-0.018127561504277342,0.01626194095291257,0.0005142477258637271,-0.04585685380346876,0.005914351836354521
Wave-1,Female,£0-£300→£301-£490,52.04761904761905,-0.018130599759909594,0.016240913826748016,0.00051358278975045,-0.045876626634843605,0.005877292821135317
Wave-1,Female,£0-£300→£301-£490,53.07936507936508,-0.018132027670046087,0.01621845153173139,0.000512872469613178,-0.04589236767601334,0.005837240965838464
Wave-1,Female,£0-£300→£301-£490,54.111111111111114,-0.01813184273032025,0.016194569176257927,0.0005121172432213188,-0.04590408708984505,0.005794233139298389
Wave-1,Female,£0-£300→£301-£490,55.142857142857146,-0.01813004404963681,0.01616928327800621,0.0005113176329097318,-0.0459098947107804,0.0057483098639499065
Wave-1,Female,£0-£300→£301-£490,56.17460317460318,-0.018126632350455266,0.016142611728668953,0.000510474204463419,-0.045858697796308065,0.0057697243314133425
Wave-1,Female,£0-£300→£301-£490,57.20634920634921,-0.018121609964398048,0.016114573754691774,0.0005095875658759748,-0.04587001931714555,0.0057744195967627246
Wave-1,Female,£0-£300→£301-£490,58.23809523809524,-0.018114980823230722,0.016085189874236475,0.0005086583659886462,-0.04590153875283931,0.005736500129275987
Wave-1,Female,£0-£300→£301-£490,59.26984126984127,-0.018106750445290785,0.016054481850612302,0.0005076872930176999,-0.045887978212393814,0.005618664193173591
Wave-1,Female,£0-£300→£301-£490,60.301587301587304,-0.018096925917468188,0.01602247264244257,0.0005066750729785516,-0.04580079673369526,0.005494640740886993
Wave-1,Female,£0-£300→£301-£490,61.333333333333336,-0.018085515872867157,0.01598918635085402,0.0005056224680157484,-0.04571223858829883,0.005488986348391697
Wave-1,Female,£0-£300→£301-£490,62.36507936507937,-0.01807253046430268,0.015954648163992727,0.0005045302746484066,-0.04562234404873117,0.005508732417856467
Wave-1,Female,£0-£300→£301-£490,63.3968253968254,-0.018057981333807368,0.0159188842991826,0.0005033993219411031,-0.04553115328243413,0.005526998489967513
Wave-1,Female,£0-£300→£301-£490,64.42857142857143,-0.01804188157834445,0.01588192194305044,0.0005022304696104639,-0.04543870632476247,0.0055207389710278665
Wave-1,Female,£0-£300→£301-£490,65.46031746031747,-0.0180242457119401,0.015843789189945747,0.000501024606077827,-0.045345043052817925,0.0055316366936431745
Wave-1,Female,£0-£300→£301-£490,66.4920634920635,-0.018005089624463757,0.01580451497898318,0.0004997826464783504,-0.045265018516342945,0.0054808656376972575
Wave-1,Female,£0-£300→£301-£490,67.52380952380953,-0.017984430537297716,0.01576412903003204,0.0004985055306368215,-0.04522238224575102,0.005428723922267105
Wave-1,Female,£0-£300→£301-£490,68.55555555555557,-0.017962286956147263,0.015722661778969766,0.0004971942210201932,-0.04517328329899887,0.0054104600256007175
Wave-1,Female,£0-£300→£301-£490,69.5873015873016,-0.017938678621250575,0.015680144312506087,0.0004958497006765427,-0.045117696394387355,0.005396337881896816
Wave-1,Female,£0-£300→£301-£490,70.61904761904762,-0.01791362645525259,0.01563660830287168,0.000494472971169745,-0.04505475706562326,0.005366465876530254
Wave-1,Female,£0-£300→£301-£490,71.65079365079366,-0.017887152509010063,0.015592085942649674,0.0004930650505186649,-0.045086047924593586,0.005254924648595136
Wave-1,Female,£0-£300→£301-£490,72.6825396825397,-0.01785927990559562,0.015546609880011664,0.000491626971149139,-0.045165351645893345,0.005219088693717699
Wave-1,Female,£0-£300→£301-£490,73.71428571428572,-0.017830032782767395,0.015500213154601386,0.0004901597778664401,-0.0449532603807058,0.005183434404369038
Wave-1,Female,£0-£300→£301-£490,74.74603174603175,-0.017799436234167434,0.01545292913429026,0.0004886645258553119,-0.044747375429489554,0.005149742533407961
Wave-1,Female,£0-£300→£301-£490,75.77777777777779,-0.01776751624950719,0.015404791453009384,0.0004871422787140437,-0.04471045546538091,0.00511701188716917
Wave-1,Female,£0-£300→£301-£490,76.80952380952382,-0.01773429965399216,0.015355833949842931,0.0004855941065284347,-0.044664533725092305,0.005069428667290866
Wave-1,Female,£0-£300→£301-£490,77.84126984126985,-0.017699814047229666,0.015306090609548621,0.0004840210839908862,-0.04460076220349483,0.005032172641158333
Wave-1,Female,£0-£300→£301-£490,78.87301587301587,-0.017664087741855305,0.01525559550465208,0.0004824242885692643,-0.04452846628845596,0.004954406297596901
Wave-1,Female,£0-£300→£301-£490,79.90476190476191,-0.017627149702103585,0.015204382739243938,0.00048080479872960816,-0.04432405505551989,0.004953154370708162
Wave-1,Female,£0-£300→£301-£490,80.93650793650795,-0.017589029482537846,0.015152486394591285,0.00047916369221621334,-0.04404367273435565,0.004927052486262889
Wave-1,Female,£0-£300→£301-£490,81.96825396825398,-0.017549757167143378,0.015099940476659222,0.0004775020443921173,-0.04390997310696846,0.0048925227720060084
Wave-1,Female,£0-£300→£301-£490,83.0,-0.017509363308976206,0.01504677886562307,0.00047582092664253544,-0.04376974382713579,0.0048444628654984445
Wave-1,Female,£0-£300→£491-£740,18.0,-0.018709232136635875,0.017396686734893724,0.0005501315382270201,-0.049149461821950555,0.00707708794581983
Wave-1,Female,£0-£300→£491-£740,19.03174603174603,-0.01875916051581673,0.017422207586293797,0.0005509385784095294,-0.049283212635441026,0.007088496295107953
Wave-1,Female,£0-£300→£491-£740,20.063492063492063,-0.01880815243289942,0.017446455586962357,0.0005517053675177087,-0.04926784208726679,0.0070698686969512614
Wave-1,Female,£0-£300→£491-£740,21.095238095238095,-0.018856172203462123,0.017469404614006975,0.0005524310794731667,-0.04936413970557011,0.007050847054295497
Wave-1,Female,£0-£300→£491-£740,22.126984126984127,-0.018903184153816362,0.017491029231585277,0.0005531149099239421,-0.04955489353000461,0.007031447233348496
Wave-1,Female,£0-£300→£491-£740,23.158730158730158,-0.018949152681067356,0.017511304745664907,0.0005537560779761666,-0.04975337243710821,0.007011685008722415
Wave-1,Female,£0-£300→£491-£740,24.19047619047619,-0.01899404231517561,0.01753020725908425,0.0005543538279352368,-0.049922150494719944,0.006991576025324122
Wave-1,Female,£0-£300→£491-£740,25.22222222222222,-0.019037817782871187,0.01754771372674208,0.000554907431051065,-0.050020747591255174,0.006971110328481143
Wave-1,Female,£0-£300→£491-£740,26.253968253968253,-0.019080444073255223,0.017563802010729847,0.0005554161872615145,-0.050117025377278746,0.0069435133510008275
Wave-1,Female,£0-£300→£491-£740,27.285714285714285,-0.0191218865049063,0.01757845093520654,0.000555879426927696,-0.05021091924718346,0.006904421937999948
Wave-1,Female,£0-£300→£491-£740,28.317460317460316,-0.019162110794292572,0.017591640340802368,0.0005562965125543619,-0.050302272868954154,0.0067787441651306676
Wave-1,Female,£0-£300→£491-£740,29.349206349206348,-0.019201083125274066,0.017603351138325025,0.0005566668404882484,-0.05033150710388759,0.006783327946215156
Wave-1,Female,£0-£300→£491-£740,30.380952380952383,-0.01923877021946395,0.0176135653615303,0.0005569898425868286,-0.05025640283368505,0.00678412837148384
Wave-1,Female,£0-£300→£491-£740,31.412698412698415,-0.019275139407202276,0.017622266218708518,0.0005572649878496184,-0.050182418485044115,0.006717038106356031
Wave-1,Female,£0-£300→£491-£740,32.44444444444444,-0.0193101586988817,0.017629438142829048,0.0005574917840038862,-0.05010966532114718,0.006639889034052957
Wave-1,Female,£0-£300→£491-£740,33.47619047619048,-0.01934379685635139,0.01763506683997776,0.0005576697790363785,-0.050038247227077066,0.006560502920977115
Wave-1,Female,£0-£300→£491-£740,34.507936507936506,-0.019376023464113715,0.017639139335816862,0.0005577985626625097,-0.05009956601020582,0.006513755199166851
Wave-1,Female,£0-£300→£491-£740,35.539682539682545,-0.019406809000017924,0.017641644019793186,0.0005578777677243508,-0.050289674998685106,0.006495025310084229
Wave-1,Female,£0-£300→£491-£740,36.57142857142857,-0.019436124905146485,0.017642570686819955,0.0005579070715087224,-0.0504705400023893,0.006475055170630851
Wave-1,Female,£0-£300→£491-£740,37.60317460317461,-0.019463943652583093,0.017641910576158635,0.0005578861969767471,-0.050641989384808385,0.006453880431806679
Wave-1,Female,£0-£300→£491-£740,38.63492063492063,-0.019490238814746638,0.017639656407231735,0.0005578149138963493,-0.050803868053916616,0.006431538025240858
Wave-1,Female,£0-£300→£491-£740,39.66666666666667,-0.019514985128973244,0.01763580241210456,0.0005576930398694187,-0.050956037896329895,0.006422908754502886
Wave-1,Female,£0-£300→£491-£740,40.698412698412696,-0.01953815856102854,0.01763034436438402,0.0005575204412456707,-0.05109640285754768,0.006442753394694064
Wave-1,Female,£0-£300→£491-£740,41.730158730158735,-0.019559736366234835,0.017623279604295876,0.0005572970339156589,-0.05108051424220375,0.006461401697789059
Wave-1,Female,£0-£300→£491-£740,42.761904761904766,-0.01957969714790353,0.017614607059718214,0.0005570227839759113,-0.051012694998874036,0.006475912556014751
Wave-1,Female,£0-£300→£491-£740,43.7936507936508,-0.01959802091277072,0.017604327262968306,0.0005566977082597783,-0.05094254201081058,0.006415871507175595
Wave-1,Female,£0-£300→£491-£740,44.82539682539683,-0.01961468912314524,0.017592442363162812,0.0005563218747282957,-0.05087037913322847,0.006330517838246296
Wave-1,Female,£0-£300→£491-£740,45.85714285714286,-0.019629684745491822,0.017578956133996636,0.0005558954027161747,-0.05083419290223866,0.00624577611541671
Wave-1,Female,£0-£300→£491-£740,46.88888888888889,-0.0196429922951885,0.01756387397681426,0.0005554184630289248,-0.0508562183406468,0.006215545726721016
Wave-1,Female,£0-£300→£491-£740,47.920634920634924,-0.01965459787721653,0.017547202918878037,0.000554891277888094,-0.050857055860239864,0.006184522648199391
Wave-1,Female,£0-£300→£491-£740,48.952380952380956,-0.019664489222562673,0.017528951606771145,0.0005543141207226501,-0.05070607225392953,0.00615275156208131
Wave-1,Female,£0-£300→£491-£740,49.98412698412699,-0.019672655720137506,0.017509130294907548,0.0005536873158056353,-0.050632544165251175,0.00612027741187691
Wave-1,Female,£0-£300→£491-£740,51.01587301587302,-0.019679088444039764,0.01748775082915753,0.0005530112377363591,-0.05055555120347207,0.006086282080892435
Wave-1,Female,£0-£300→£491-£740,52.04761904761905,-0.019683780176024224,0.01746482662563432,0.0005522863107695732,-0.05047381767435989,0.00604760250677906
Wave-1,Female,£0-£300→£491-£740,53.07936507936508,-0.019686725423060346,0.017440372644724353,0.0005515130079942354,-0.05061886296007695,0.006008632047393744
Wave-1,Female,£0-£300→£491-£740,54.111111111111114,-0.01968792042989925,0.017414405360480646,0.0005506918503656442,-0.05056053889246593,0.0059812317212349225
Wave-1,Female,£0-£300→£491-£740,55.142857142857146,-0.019687363186598052,0.017386942725534416,0.000549823405595846,-0.05042757025059378,0.005940280922405472
Wave-1,Female,£0-£300→£491-£740,56.17460317460318,-0.019685053430982303,0.017358004131714285,0.0005489082869083051,-0.05028742297787691,0.005907965039868345
Wave-1,Female,£0-£300→£491-£740,57.20634920634921,-0.019680992646059017,0.01732761036659435,0.0005479471516638333,-0.050140242534673925,0.0058667821419353255
Wave-1,Female,£0-£300→£491-£740,58.23809523809524,-0.019675184052424136,0.017295783566221645,0.0005469406998657009,-0.049986180315702324,0.005824870611177394
Wave-1,Female,£0-£300→£491-£740,59.26984126984127,-0.0196676325957389,0.017262547164299345,0.0005458896725526682,-0.049884357876183706,0.0057528438687689
Wave-1,Female,£0-£300→£491-£740,60.301587301587304,-0.019658344929378832,0.01722792583812438,0.0005447948500893834,-0.04979730603184004,0.00574704754988229
Wave-1,Female,£0-£300→£491-£740,61.333333333333336,-0.0196473293923872,0.017191945451596427,0.0005436570503641676,-0.04971842655340569,0.005711106086225158
Wave-1,Female,£0-£300→£491-£740,62.36507936507937,-0.019634595982890628,0.017154632995629058,0.0005424771269046514,-0.04963893065030557,0.005709567975187198
Wave-1,Female,£0-£300→£491-£740,63.3968253968254,-0.019620156327158727,0.017116016526303793,0.0005412559669220327,-0.04955881122600058,0.005730346191149636
Wave-1,Female,£0-£300→£491-£740,64.42857142857143,-0.019604023644511366,0.0170761251011127,0.000539994489294892,-0.04946687687592391,0.005749575355627904
Wave-1,Female,£0-£300→£491-£740,65.46031746031747,-0.019586212708296146,0.01703498871363652,0.0005386936425035324,-0.049370549974425915,0.00575932959059935
Wave-1,Female,£0-£300→£491-£740,66.4920634920635,-0.019566739803175796,0.01699263822700204,0.0005373544025257177,-0.04928852929020748,0.005759670152072873
Wave-1,Female,£0-£300→£491-£740,67.52380952380953,-0.019545622678978688,0.01694910530645558,0.0005359777707044581,-0.04920861314478307,0.0057594447437715034
Wave-1,Female,£0-£300→£491-£740,68.55555555555557,-0.01952288050137739,0.016904422351379206,0.0005345647715981749,-0.0491186621141842,0.005777958997704607
Wave-1,Female,£0-£300→£491-£740,69.5873015873016,-0.019498533799668708,0.016858622427062896,0.0005331164508231462,-0.04902621498791293,0.0057650869679685465
Wave-1,Female,£0-£300→£491-£740,70.61904761904762,-0.019472604411934682,0.016811739196529975,0.0005316338728976384,-0.04893298298216099,0.00575439534790876
Wave-1,Female,£0-£300→£491-£740,71.65079365079366,-0.019445115427867848,0.016763806852695348,0.0005301181190965608,-0.0489144144149333,0.005748994108621277
Wave-1,Female,£0-£300→£491-£740,72.6825396825397,-0.019416091129545166,0.01671486005111633,0.0005285702853248608,-0.04876440351431169,0.005698436494550204
Wave-1,Female,£0-£300→£491-£740,73.71428571428572,-0.01938555693043432,0.016664933843575508,0.000526991480017228,-0.04868304945589682,0.005610940228978786
Wave-1,Female,£0-£300→£491-£740,74.74603174603175,-0.019353539312913032,0.01661406361271371,0.0005253828220710093,-0.04860113321197436,0.005468314279891256
Wave-1,Female,£0-£300→£491-£740,75.77777777777779,-0.01932006576457752,0.01656228500790999,0.0005237454388185543,-0.04851864034272386,0.005435440813759165
Wave-1,Female,£0-£300→£491-£740,76.80952380952382,-0.01928516471360998,0.01650963388258414,0.0005220804640445478,-0.04841949222869803,0.005398937399612523
Wave-1,Female,£0-£300→£491-£740,77.84126984126985,-0.019248865463467123,0.01645614623307689,0.0005203890360532307,-0.04831606715347249,0.005290191458869116
Wave-1,Female,£0-£300→£491-£740,78.87301587301587,-0.01921119812714312,0.016401858139242963,0.0005186722957897892,-0.04821177715305381,0.0051646963473744424
Wave-1,Female,£0-£300→£491-£740,79.90476190476191,-0.019172193561250352,0.01634680570687344,0.0005169313850195886,-0.048151882198731295,0.0050902306574992645
Wave-1,Female,£0-£300→£491-£740,80.93650793650795,-0.019131883300150664,0.016291025012046392,0.0005151674445683861,-0.04810981274504662,0.005062578232549488
Wave-1,Female,£0-£300→£491-£740,81.96825396825398,-0.019090299490358464,0.016234552047488218,0.0005133816126261281,-0.047907191426853596,0.004995679372425448
Wave-1,Female,£0-£300→£491-£740,83.0,-0.01904747482542509,0.016177422671013398,0.0005115750231164714,-0.04781321014166286,0.004929132884392241
Wave-1,Female,"£0-£300→£741-£1,111",18.0,-0.024624986473373543,0.022660133349329186,0.0007165763346702016,-0.0629431645234011,0.009253367058340773
Wave-1,Female,"£0-£300→£741-£1,111",19.03174603174603,-0.024698475724460017,0.022695046167654716,0.000717680374924645,-0.063178645904196,0.009119937955551608
Wave-1,Female,"£0-£300→£741-£1,111",20.063492063492063,-0.02477085446724285,0.022728373318590286,0.0007187342719734511,-0.06340518407520382,0.00898476082330449
Wave-1,Female,"£0-£300→£741-£1,111",21.095238095238095,-0.024842072982822035,0.022760081120095386,0.0007197369606969775,-0.06363001285146033,0.008968978500734436
Wave-1,Female,"£0-£300→£741-£1,111",22.126984126984127,-0.024912081369758022,0.022790136679612202,0.0007206874009412163,-0.06362907299816789,0.008979610861639972
Wave-1,Female,"£0-£300→£741-£1,111",23.158730158730158,-0.024980829622164285,0.02281850796140783,0.0007215845796473429,-0.06375484920673931,0.009039269052886469
Wave-1,Female,"£0-£300→£741-£1,111",24.19047619047619,-0.025048267710959225,0.022845163854488128,0.0007224275129993395,-0.06388582399427788,0.009094817619434203
Wave-1,Female,"£0-£300→£741-£1,111",25.22222222222222,-0.02511434566811082,0.022870074240880917,0.0007232152485833004,-0.06392820314361915,0.009146178851241285
Wave-1,Female,"£0-£300→£741-£1,111",26.253968253968253,-0.025179013673683512,0.022893210064068855,0.0007239468675514685,-0.06396527172404849,0.009193278792557446
Wave-1,Female,"£0-£300→£741-£1,111",27.285714285714285,-0.025242222145472188,0.022914543397335584,0.0007246214867835316,-0.06399386035841208,0.009230089806728637
Wave-1,Female,"£0-£300→£741-£1,111",28.317460317460316,-0.025303921830984066,0.022934047511772394,0.0007252382610371805,-0.06401402650651833,0.009195470915287203
Wave-1,Female,"£0-£300→£741-£1,111",29.349206349206348,-0.025364063901504814,0.022951696943677567,0.0007257963850794644,-0.06414883694484091,0.008984780639583884
Wave-1,Female,"£0-£300→£741-£1,111",30.380952380952383,-0.025422600047961545,0.02296746756106622,0.0007262950957900164,-0.06429372748091255,0.008808721300704366
Wave-1,Female,"£0-£300→£741-£1,111",31.412698412698415,-0.025479482578272247,0.022981336628995565,0.0007267336742268197,-0.06443060589527014,0.008780506022209606
Wave-1,Female,"£0-£300→£741-£1,111",32.44444444444444,-0.025534664515848734,0.022993282873399447,0.0007271114476448328,-0.06455931662753416,0.008750207516933246
Wave-1,Female,"£0-£300→£741-£1,111",33.47619047619048,-0.025588099698899226,0.023003286543115935,0.0007274277914574743,-0.06462843790495992,0.008717831752860148
Wave-1,Female,"£0-£300→£741-£1,111",34.507936507936506,-0.02563974288015712,0.023011329469784465,0.0007276821311307369,-0.06477281642334003,0.008683387034734022
Wave-1,Female,"£0-£300→£741-£1,111",35.539682539682545,-0.02568954982664439,0.023017395125282922,0.0007278739439995074,-0.06491424779207465,0.008646884071425255
Wave-1,Female,"£0-£300→£741-£1,111",36.57142857142857,-0.025737477419062352,0.02302146867637223,0.0007280027609955801,-0.0650215051251039,0.008608336035253846
Wave-1,Female,"£0-£300→£741-£1,111",37.60317460317461,-0.02578348375038891,0.023023537036214466,0.0007280681682768031,-0.0651193944522946,0.00856775861277333
Wave-1,Female,"£0-£300→£741-£1,111",38.63492063492063,-0.025827528223250514,0.023023588912432953,0.0007280698087468713,-0.06520148163030703,0.008525170046568484
Wave-1,Female,"£0-£300→£741-£1,111",39.66666666666667,-0.025869571645628902,0.023021614851386877,0.0007280073834554131,-0.06527078851667278,0.008599082658003647
Wave-1,Female,"£0-£300→£741-£1,111",40.698412698412696,-0.02590957632445791,0.023017607278340978,0.0007278806528682677,-0.06533042517065463,0.008679603508504562
Wave-1,Female,"£0-£300→£741-£1,111",41.730158730158735,-0.02594750615666404,0.02301156053322165,0.0007276894379981919,-0.06547297778519252,0.008729157176081139
Wave-1,Female,"£0-£300→£741-£1,111",42.761904761904766,-0.02598332671720653,0.0230034709016653,0.0007274336213866954,-0.06566721930607897,0.00869869368496017
Wave-1,Female,"£0-£300→£741-£1,111",43.7936507936508,-0.02601700534367847,0.022993336641082537,0.0007271131479282635,-0.06579869716758775,0.008668136179955635
Wave-1,Female,"£0-£300→£741-£1,111",44.82539682539683,-0.02604851121704019,0.022981158001483672,0.0007267280255289162,-0.06574986944389889,0.008630818240140531
Wave-1,Female,"£0-£300→£741-£1,111",45.85714285714286,-0.026077815438069824,0.022966937240836215,0.0007262783255918556,-0.06568724231660977,0.008592173450557569
Wave-1,Female,"£0-£300→£741-£1,111",46.88888888888889,-0.026104891099133415,0.02295067863475452,0.0007257641833238794,-0.06561080443755345,0.008553571097892142
Wave-1,Female,"£0-£300→£741-£1,111",47.920634920634924,-0.026129713350898497,0.022932388480354355,0.0007251857978572727,-0.06552056292257256,0.008515022075391695
Wave-1,Female,"£0-£300→£741-£1,111",48.952380952380956,-0.026152259463640404,0.022912075094142045,0.000724543432183057,-0.06544719712663474,0.008476536175674995
Wave-1,Female,"£0-£300→£741-£1,111",49.98412698412699,-0.02617250888281945,0.022889748803847185,0.0007238374128927183,-0.06541552247542029,0.008438122093013044
Wave-1,Female,"£0-£300→£741-£1,111",51.01587301587302,-0.026190443278639272,0.022865421934151173,0.0007230681297269032,-0.0653840368566007,0.008375405608011189
Wave-1,Female,"£0-£300→£741-£1,111",52.04761904761905,-0.02620604658933232,0.022839108786308352,0.0007222360349309825,-0.06546551365915113,0.00832645318355553
Wave-1,Female,"£0-£300→£741-£1,111",53.07936507936508,-0.026219305057956013,0.022810825611704052,0.0007213416424188843,-0.06546902097857087,0.008318902865775375
Wave-1,Female,"£0-£300→£741-£1,111",54.111111111111114,-0.026230207262523866,0.022780590579441724,0.000720385526748108,-0.06546002124331349,0.008294336238448984
Wave-1,Female,"£0-£300→£741-£1,111",55.142857142857146,-0.026238744139337505,0.022748423738099797,0.0007193683219103704,-0.06532409697982931,0.008259905814469956
Wave-1,Female,"£0-£300→£741-£1,111",56.17460317460318,-0.026244908999429117,0.02271434697184712,0.0007182907199438542,-0.06517909658556757,0.008223575911184645
Wave-1,Female,"£0-£300→£741-£1,111",57.20634920634921,-0.02624869753806768,0.022678383951152358,0.000717153469374502,-0.06502521442292662,0.008069576661630506
Wave-1,Female,"£0-£300→£741-£1,111",58.23809523809524,-0.02625010783732648,0.02264056007836708,0.0007159573734952027,-0.06486156842947916,0.00804847312521918
Wave-1,Female,"£0-£300→£741-£1,111",59.26984126984127,-0.026249140361753378,0.02260090242850363,0.0007147032884930231,-0.06478988544977929,0.008026292434118195
Wave-1,Female,"£0-£300→£741-£1,111",60.301587301587304,-0.026245797947227662,0.022559439685566056,0.000713392121435815,-0.06475665901612075,0.008002580205962014
Wave-1,Female,"£0-£300→£741-£1,111",61.333333333333336,-0.026240085783129037,0.022516202074824902,0.000712024828130557,-0.06471745982028929,0.007998823290407901
Wave-1,Female,"£0-£300→£741-£1,111",62.36507936507937,-0.026232011387983218,0.022471221291453975,0.0007106024108666495,-0.06467230741862945,0.007946277379438354
Wave-1,Female,"£0-£300→£741-£1,111",63.3968253968254,-0.026221584578785668,0.02242453042596849,0.0007091259160580628,-0.06462122718214233,0.007916964014489037
Wave-1,Female,"£0-£300→£741-£1,111",64.42857142857143,-0.026208817434239005,0.022376163886919195,0.0007075964317987102,-0.06456425025748785,0.007885213232431632
Wave-1,Female,"£0-£300→£741-£1,111",65.46031746031747,-0.026193724252170526,0.02232615732130597,0.0007060150853457058,-0.06452833892588092,0.007836627921324403
Wave-1,Female,"£0-£300→£741-£1,111",66.4920634920635,-0.026176321501423766,0.02227454753317686,0.0007043830405452387,-0.06456276724791818,0.007725731095093422
Wave-1,Female,"£0-£300→£741-£1,111",67.52380952380953,-0.026156627768542023,0.02222137240087481,0.000702701495215686,-0.06459350218631103,0.00761102726021352
Wave-1,Female,"£0-£300→£741-£1,111",68.55555555555557,-0.02613466369958203,0.02216667079338484,0.0007009716785022777,-0.06462052954036367,0.007521853995090864
Wave-1,Female,"£0-£300→£741-£1,111",69.5873015873016,-0.026110451937412384,0.022110482486219395,0.0006991948482171581,-0.06464383751023935,0.0073919400148381815
Wave-1,Female,"£0-£300→£741-£1,111",70.61904761904762,-0.026084017054864368,0.02205284807725991,0.0006973722881780622,-0.0646634167057576,0.007363797312160861
Wave-1,Female,"£0-£300→£741-£1,111",71.65079365079366,-0.02605538548411178,0.021993808902948643,0.0006955053055580691,-0.0646792601484043,0.007278706720556611
Wave-1,Female,"£0-£300→£741-£1,111",72.6825396825397,-0.02602458544266235,0.021933406955197573,0.0006935952282580304,-0.06469136326660783,0.007057150252158369
Wave-1,Female,"£0-£300→£741-£1,111",73.71428571428572,-0.025991646856345616,0.021871684799351192,0.000691643402312326,-0.06465218544520926,0.007031053585673209
Wave-1,Female,"£0-£300→£741-£1,111",74.74603174603175,-0.025956601279681506,0.021808685493508232,0.0006896511893375929,-0.06447346395426691,0.0070099835476972695
Wave-1,Female,"£0-£300→£741-£1,111",75.77777777777779,-0.02591948181401059,0.021744452509474658,0.0006876199640330397,-0.06428028735413092,0.006908962313631906
Wave-1,Female,"£0-£300→£741-£1,111",76.80952380952382,-0.025880323023760796,0.02167902965558687,0.0006855511117399015,-0.06406326053468037,0.006802840395859108
Wave-1,Female,"£0-£300→£741-£1,111",77.84126984126985,-0.025839160851217246,0.021612461001611426,0.0006834460260665613,-0.06383229470729225,0.00669087482804196
Wave-1,Female,"£0-£300→£741-£1,111",78.87301587301587,-0.02579603253015162,0.02154479080589553,0.0006813061065848452,-0.06358920962900011,0.006529999340631706
Wave-1,Female,"£0-£300→£741-£1,111",79.90476190476191,-0.02575097649865551,0.02147606344491198,0.0006791327566020392,-0.06333432739242348,0.0064079777515411145
Wave-1,Female,"£0-£300→£741-£1,111",80.93650793650795,-0.02570403231150898,0.021406323345313772,0.0006769273810122659,-0.06311520862598355,0.0063592850651926665
Wave-1,Female,"£0-£300→£741-£1,111",81.96825396825398,-0.025655240552400878,0.021335614918586585,0.0006746913842300156,-0.06301533821462146,0.006261453471159086
Wave-1,Female,"£0-£300→£741-£1,111",83.0,-0.025604642746302288,0.021263982498363525,0.0006724261682078638,-0.06291371621092819,0.006169125133398943
Wave-1,Female,"£0-£300→£1,112+",18.0,-0.03240794055293159,0.028524421683289627,0.0009020214145828931,-0.07871597865796069,0.012194524848600207
Wave-1,Female,"£0-£300→£1,112+",19.03174603174603,-0.032515451570388855,0.028567196624058912,0.0009033740769789904,-0.07904332704470309,0.012010177752042264
Wave-1,Female,"£0-£300→£1,112+",20.063492063492063,-0.03262167873785931,0.028608032412552106,0.0009046654179958643,-0.07931811604496612,0.01200056276059717
Wave-1,Female,"£0-£300→£1,112+",21.095238095238095,-0.032726553132238094,0.02864688800638647,0.0009058941397594142,-0.07965825911031263,0.011987313868338659
Wave-1,Female,"£0-£300→£1,112+",22.126984126984127,-0.03283000528456513,0.028683723242863026,0.0009070589722135825,-0.07997504795704329,0.011970444447037503
Wave-1,Female,"£0-£300→£1,112+",23.158730158730158,-0.0329319652801891,0.028718498917698267,0.0009081586756100701,-0.0802702284939772,0.011949971126320217
Wave-1,Female,"£0-£300→£1,112+",24.19047619047619,-0.03303236286393887,0.02875117686493088,0.0009091920430352086,-0.08055580279677672,0.011907356295580419
Wave-1,Female,"£0-£300→£1,112+",25.22222222222222,-0.03313112755012999,0.028781720037814748,0.0009101579029680218,-0.0808296014814623,0.011902448144175404
Wave-1,Female,"£0-£300→£1,112+",26.253968253968253,-0.033228188737199585,0.028810092590487134,0.0009110551218628001,-0.08089702400842129,0.011877201354240238
Wave-1,Female,"£0-£300→£1,112+",27.285714285714285,-0.03332347582672736,0.02883625996017822,0.0009118826067487951,-0.08090897902644187,0.011848429808225048
Wave-1,Female,"£0-£300→£1,112+",28.317460317460316,-0.03341691834656528,0.028860188949704876,0.0009126393078389006,-0.0809013761000668,0.011816162163795286
Wave-1,Female,"£0-£300→£1,112+",29.349206349206348,-0.0335084460777619,0.028881847809968587,0.000913324221138467,-0.08090118908244454,0.011780430077514437
Wave-1,Female,"£0-£300→£1,112+",30.380952380952383,-0.033597989184931815,0.028901206322154146,0.0009139363910446519,-0.08094203494125055,0.01178832775627798
Wave-1,Female,"£0-£300→£1,112+",31.412698412698415,-0.0336854783496849,0.02891823587930348,0.0009144749129260109,-0.08095947588260016,0.011823150105193055
Wave-1,Female,"£0-£300→£1,112+",32.44444444444444,-0.03377084490669532,0.028932909566916885,0.0009149389356713324,-0.0811730487587905,0.011855434105933201
Wave-1,Female,"£0-£300→£1,112+",33.47619047619048,-0.03385402098195656,0.028945202242213343,0.0009153276641960694,-0.08141276351383168,0.011885100283670968
Wave-1,Female,"£0-£300→£1,112+",34.507936507936506,-0.03393493963273667,0.028955090611662324,0.0009156403618941094,-0.08163740249348149,0.01191207105794973
Wave-1,Female,"£0-£300→£1,112+",35.539682539682545,-0.03401353498871731,0.02896255330638157,0.0009158763530220628,-0.08177341589403768,0.011936271028360134
Wave-1,Female,"£0-£300→£1,112+",36.57142857142857,-0.03408974239377281,0.02896757095498036,0.000916035025002768,-0.08190014296766941,0.01195762726262797
Wave-1,Female,"£0-£300→£1,112+",37.60317460317461,-0.03416349854781987,0.028970126253414302,0.0009161158306342952,-0.08201871529970785,0.011976069585543021
Wave-1,Female,"£0-£300→£1,112+",38.63492063492063,-0.03423474164814678,0.028970204031408233,0.0009161182901904218,-0.08212976304065707,0.011991530867087968
Wave-1,Female,"£0-£300→£1,112+",39.66666666666667,-0.03430341152961269,0.028967791314996882,0.0009160419933983425,-0.0822332158267036,0.012003947308063877
Wave-1,Female,"£0-£300→£1,112+",40.698412698412696,-0.03436944980309326,0.028962877384730617,0.0009158866012792961,-0.08235258294071339,0.012013258721463341
Wave-1,Female,"£0-£300→£1,112+",41.730158730158735,-0.034432799991539025,0.028955453829094972,0.0009156518478378399,-0.08249025823964254,0.012019408807810236
Wave-1,Female,"£0-£300→£1,112+",42.761904761904766,-0.03449340766300784,0.028945514592699374,0.0009153375415857106,-0.08262360284833915,0.012020166035796474
Wave-1,Female,"£0-£300→£1,112+",43.7936507936508,-0.0345512205600326,0.028933056018802042,0.0009149435668865797,-0.08275256597955237,0.012015189682964849
Wave-1,Female,"£0-£300→£1,112+",44.82539682539683,-0.03460618872469085,0.028918076885755473,0.0009144698851085611,-0.0828770984504699,0.011960894244024614
Wave-1,Female,"£0-£300→£1,112+",45.85714285714286,-0.03465826461875375,0.028900578436979924,0.000913916535572056,-0.08293784082430705,0.01177019146224997
Wave-1,Female,"£0-£300→£1,112+",46.88888888888889,-0.03470740323830796,0.028880564404102013,0.000913283636281459,-0.08287351971135049,0.011535456462842732
Wave-1,Female,"£0-£300→£1,112+",47.920634920634924,-0.03475356222226682,0.028858041022930842,0.0009125713844303685,-0.08278455661218702,0.011283490508270088
Wave-1,Female,"£0-£300→£1,112+",48.952380952380956,-0.03479670195421413,0.028833017041986247,0.0009117800566712728,-0.08274757142954117,0.011029857685755057
Wave-1,Female,"£0-£300→£1,112+",49.98412698412699,-0.034836785657057834,0.02880550372334136,0.0009109100091421945,-0.08274295103936974,0.010885011469618348
Wave-1,Female,"£0-£300→£1,112+",51.01587301587302,-0.034873779480008804,0.028775514835595584,0.0009099616772444769,-0.08274893402765872,0.01087723435325994
Wave-1,Female,"£0-£300→£1,112+",52.04761904761905,-0.034907652577443785,0.028743066638852642,0.0009089355751677473,-0.08274704419263584,0.010837942809016971
Wave-1,Female,"£0-£300→£1,112+",53.07936507936508,-0.0349383771792592,0.028708177861641582,0.0009078322951600961,-0.08273728113485959,0.010840216037401531
Wave-1,Female,"£0-£300→£1,112+",54.111111111111114,-0.03496592865237446,0.028670869669785527,0.0009066525065436193,-0.08271964962332086,0.01088592187400981
Wave-1,Female,"£0-£300→£1,112+",55.142857142857146,-0.03499028555309889,0.0286311656272919,0.0009053969544776596,-0.08264277905545164,0.01088852122186123
Wave-1,Female,"£0-£300→£1,112+",56.17460317460318,-0.03501142967013405,0.028589091649408763,0.000904066458474317,-0.08255571697143463,0.010875082194628977
Wave-1,Female,"£0-£300→£1,112+",57.20634920634921,-0.03502934605804363,0.02854467594806205,0.0009026619106730228,-0.08265236836733951,0.010755869733087058
Wave-1,Female,"£0-£300→£1,112+",58.23809523809524,-0.03504402306108412,0.02849794896995795,0.000901184273883165,-0.08266904500908187,0.010633972676745701
Wave-1,Female,"£0-£300→£1,112+",59.26984126984127,-0.03505545232735142,0.028448943327700885,0.0008996345794058478,-0.0825770659532178,0.010509447214447201
Wave-1,Female,"£0-£300→£1,112+",60.301587301587304,-0.035063628813259765,0.02839769372434007,0.0008980139246478439,-0.08270981185535778,0.010382351800454057
Wave-1,Female,"£0-£300→£1,112+",61.333333333333336,-0.03506855077843019,0.028344236871814327,0.0008963234705425931,-0.08266319426374319,0.010252145595796035
Wave-1,Female,"£0-£300→£1,112+",62.36507936507937,-0.035070219771123755,0.028288611403815438,0.0008945644387947002,-0.08249496442719173,0.010105820827612232
Wave-1,Female,"£0-£300→£1,112+",63.3968253968254,-0.03506864060441125,0.028230857783632986,0.0008927381089657321,-0.08231373311267634,0.009957153156086722
Wave-1,Female,"£0-£300→£1,112+",64.42857142857143,-0.03506382132332398,0.028171018207578294,0.000890845815420215,-0.08216142357773545,0.009806220104269247
Wave-1,Female,"£0-£300→£1,112+",65.46031746031747,-0.03505577316327927,0.028109136504610527,0.0008888889441515335,-0.08205712172830053,0.009655961297732014
Wave-1,Female,"£0-£300→£1,112+",66.4920634920635,-0.03504451050011966,0.028045258032804526,0.0008868689295079555,-0.08190150829691327,0.009516085985702208
Wave-1,Female,"£0-£300→£1,112+",67.52380952380953,-0.035030050792145065,0.027979429573306902,0.0008847872508392291,-0.08167667130696282,0.009374255252169145
Wave-1,Female,"£0-£300→£1,112+",68.55555555555557,-0.035012414514553135,0.027911699222424976,0.0008826454290841363,-0.08144106663374759,0.009230537541961896
Wave-1,Female,"£0-£300→£1,112+",69.5873015873016,-0.034991625086733646,0.027842116282482232,0.0008804450233190385,-0.08119493552779683,0.009077492688787835
Wave-1,Female,"£0-£300→£1,112+",70.61904761904762,-0.034967708792888345,0.027770731152055257,0.0008781876272868643,-0.08093852793100657,0.008915128519864032
Wave-1,Female,"£0-£300→£1,112+",71.65079365079366,-0.034940694696468384,0.02769759521618089,0.0008758748659251541,-0.0806721018867145,0.008751151737098449
Wave-1,Female,"£0-£300→£1,112+",72.6825396825397,-0.03491061454893694,0.02762276073708994,0.0008735083919107576,-0.08039429245318135,0.008662998301504625
Wave-1,Female,"£0-£300→£1,112+",73.71428571428572,-0.03487750269337524,0.027546280745986015,0.0008710898822375793,-0.08009664856518145,0.00842940748268977
Wave-1,Female,"£0-£300→£1,112+",74.74603174603175,-0.03484139596345679,0.027468208936346206,0.0008686210348424505,-0.07978979330896836,0.008266455598359094
Wave-1,Female,"£0-£300→£1,112+",75.77777777777779,-0.03480233357831589,0.027388599559175504,0.0008661035652927822,-0.07947402664613637,0.008096588828975213
Wave-1,Female,"£0-£300→£1,112+",76.80952380952382,-0.03476035703383468,0.027307507320600027,0.0008635392035481795,-0.07924875475106526,0.007859352849814948
Wave-1,Female,"£0-£300→£1,112+",77.84126984126985,-0.03471550999086726,0.027224987282136716,0.0008609296908066918,-0.07907816690557161,0.007595851330993984
Wave-1,Female,"£0-£300→£1,112+",78.87301587301587,-0.03466783816091018,0.027141094763929677,0.000858276776444878,-0.07894230057108009,0.007531175232476334
Wave-1,Female,"£0-£300→£1,112+",79.90476190476191,-0.03461738918971682,0.02705588525119719,0.0008555822150594001,-0.07880355003221533,0.007429132581503939
Wave-1,Female,"£0-£300→£1,112+",80.93650793650795,-0.03456421253933871,0.026969414304089046,0.0008528477636164634,-0.0787445896343372,0.007265379780815069
Wave-1,Female,"£0-£300→£1,112+",81.96825396825398,-0.0345083593690606,0.026881737471111698,0.0008500751787140774,-0.0786742529697182,0.007100698390211699
Wave-1,Female,"£0-£300→£1,112+",83.0,-0.034449882415677306,0.026792910206239997,0.0008472662139609011,-0.07859280152333968,0.007074397306785359
Wave-1,Male,£0-£300→£301-£490,18.0,0.09537983595351547,0.02587941283493285,0.0008183788906618298,0.05621503458618573,0.1397532469983769
Wave-1,Male,£0-£300→£301-£490,19.03174603174603,0.09588701309210945,0.02591623020745883,0.0008195431582082799,0.056637858957829995,0.1403196062061046
Wave-1,Male,£0-£300→£301-£490,20.063492063492063,0.09636417388972555,0.025947772592963367,0.000820540616018574,0.05700771543542997,0.14076651932837667
Wave-1,Male,£0-£300→£301-£490,21.095238095238095,0.09681035882798257,0.025973971732955917,0.0008213691055697146,0.05733650212667291,0.14116511308749743
Wave-1,Male,£0-£300→£301-£490,22.126984126984127,0.0972246525265963,0.0259947583319692,0.0008220264355466204,0.05806822303387947,0.14121979519856576
Wave-1,Male,£0-£300→£301-£490,23.158730158730158,0.09760618805034467,0.02601006188926104,0.0008225103765200715,0.05836325937120684,0.14164994339742976
Wave-1,Male,£0-£300→£301-£490,24.19047619047619,0.09795415111422713,0.026019810686086522,0.0008228186605442188,0.05899562535177398,0.14174313629692276
Wave-1,Male,£0-£300→£301-£490,25.22222222222222,0.09826778415206291,0.026023931943482386,0.0008229489861461662,0.059320787445307936,0.14247857440927025
Wave-1,Male,£0-£300→£301-£490,26.253968253968253,0.09854639021308295,0.02602235215994374,0.0008228990290042446,0.059299572252841666,0.14296194299478113
Wave-1,Male,£0-£300→£301-£490,27.285714285714285,0.09878933665079039,0.02601499763223329,0.0008226664584174463,0.05934486012698921,0.14363270516263665
Wave-1,Male,£0-£300→£301-£490,28.317460317460316,0.0989960585685464,0.02600179515613922,0.0008222489594653344,0.05952102516391999,0.14388820548970327
Wave-1,Male,£0-£300→£301-£490,29.349206349206348,0.09916606198701589,0.025982672897594327,0.0008216442605552495,0.059720529886358675,0.1441650093606995
Wave-1,Male,£0-£300→£301-£490,30.380952380952383,0.0992989266998207,0.02595756141848229,0.0008208501658611518,0.0599551615912507,0.14466815779957204
Wave-1,Male,£0-£300→£301-£490,31.412698412698415,0.09939430878551281,0.025926394835951307,0.0008198645919843366,0.0600491923875513,0.14471596278236104
Wave-1,Male,£0-£300→£301-£490,32.44444444444444,0.09945194274630814,0.025889112089349287,0.0008186856080174437,0.06017357069970423,0.14446959563381173
Wave-1,Male,£0-£300→£301-£490,33.47619047619048,0.09947164324690991,0.025845658285146848,0.0008173114780746566,0.06030037021593914,0.14432007646990813
Wave-1,Male,£0-£300→£301-£490,34.507936507936506,0.09945330643017908,0.02579598608752199,0.0008157407052658511,0.060411201135027896,0.14384028153676873
Wave-1,Male,£0-£300→£301-£490,35.539682539682545,0.09939691079034815,0.02574005712068008,0.0008139720760418464,0.060226963379466744,0.1437241638772362
Wave-1,Male,£0-£300→£301-£490,36.57142857142857,0.09930251758887408,0.025677843348459937,0.0008120047038213807,0.059901298073585955,0.143464864178721
Wave-1,Male,£0-£300→£301-£490,37.60317460317461,0.09917027080282777,0.025609328397276646,0.0008098380708262363,0.05993877313162339,0.14320692169672977
Wave-1,Male,£0-£300→£301-£490,38.63492063492063,0.09900039660084592,0.02553450878989401,0.0008074720670965494,0.059648659872237844,0.1428695748978053
Wave-1,Male,£0-£300→£301-£490,39.66666666666667,0.09879320234704045,0.025453395059808922,0.0008049070257307395,0.059339973107098584,0.14280666809514364
Wave-1,Male,£0-£300→£301-£490,40.698412698412696,0.09854907513877474,0.025366012719067983,0.0008021437534905565,0.05924510086442386,0.14230553969096338
Wave-1,Male,£0-£300→£301-£490,41.730158730158735,0.09826847988976807,0.02527240305602356,0.0007991835560283439,0.05914988578416355,0.14184363564812713
Wave-1,Male,£0-£300→£301-£490,42.761904761904766,0.09795195697546973,0.025172623743774058,0.0007960282571276082,0.05892908430778875,0.14146146531445164
Wave-1,Male,£0-£300→£301-£490,43.7936507936508,0.09760011946293372,0.025066749244718523,0.0007926802114961598,0.05884735756845375,0.14102847651418443
Wave-1,Male,£0-£300→£301-£490,44.82539682539683,0.09721364995241001,0.024954871001678435,0.0007891423108099142,0.05808759629928917,0.14034232507495484
Wave-1,Male,£0-£300→£301-£490,45.85714285714286,0.09679329706243266,0.024837097411273597,0.0007854179828709638,0.057712359267443045,0.13936883557200283
Wave-1,Male,£0-£300→£301-£490,46.88888888888889,0.09633987159422522,0.024713553580541184,0.0007815111839111965,0.057541970559080155,0.13897489699277413
Wave-1,Male,£0-£300→£301-£490,47.920634920634924,0.09585424241466074,0.024584380872997028,0.0007774263842374931,0.05736449640744903,0.13813605040625831
Wave-1,Male,£0-£300→£301-£490,48.952380952380956,0.09533733209973219,0.02444973625528374,0.0007731685475709265,0.05678708622731321,0.1376621241968993
Wave-1,Male,£0-£300→£301-£490,49.98412698412699,0.09479011238244453,0.024309791460056726,0.0007687431045748943,0.05617225228441577,0.13711580772153606
Wave-1,Male,£0-£300→£301-£490,51.01587301587302,0.09421359945019761,0.024164731984662256,0.0007641559211905376,0.05554459460296227,0.13654470734252025
Wave-1,Male,£0-£300→£301-£490,52.04761904761905,0.09360884913707349,0.02401475594832087,0.0007594132624977078,0.05489582588366889,0.13592817449512687
Wave-1,Male,£0-£300→£301-£490,53.07936507936508,0.09297695205598737,0.02386007283284013,0.000754521752892808,0.05422740441762768,0.13525174500430764
Wave-1,Male,£0-£300→£301-£490,54.111111111111114,0.09231902871444297,0.02370090213328408,0.0007494883334192133,0.05369808574556411,0.1345253285526528
Wave-1,Male,£0-£300→£301-£490,55.142857142857146,0.09163622465571401,0.02353747194551408,0.0007443202171013914,0.053390753990681245,0.13355738826701943
Wave-1,Male,£0-£300→£301-£490,56.17460317460318,0.09092970566473124,0.023370017517128267,0.0007390248431215842,0.05319767585757845,0.13249629289489476
Wave-1,Male,£0-£300→£301-£490,57.20634920634921,0.09020065307488827,0.02319877978715012,0.0007336098306407057,0.052617917014294587,0.131513729564649
Wave-1,Male,£0-£300→£301-£490,58.23809523809524,0.08945025920849521,0.023024003937971334,0.0007280829330067554,0.05222313341917598,0.13032232885933553
Wave-1,Male,£0-£300→£301-£490,59.26984126984127,0.08867972297982113,0.022845937980684794,0.0007224519930191183,0.05184292509702687,0.1292156998158946
Wave-1,Male,£0-£300→£301-£490,60.301587301587304,0.08789024568568696,0.022664831392204234,0.0007167248998305043,0.05145856570263319,0.12808812550024556
Wave-1,Male,£0-£300→£301-£490,61.333333333333336,0.08708302700451273,0.022480933819612414,0.0007109095479748413,0.051066684881130434,0.12691299735296366
Wave-1,Male,£0-£300→£301-£490,62.36507936507937,0.08625926122068324,0.02229449386415094,0.0007050137989136553,0.050630324397137355,0.12576412706839632
Wave-1,Male,£0-£300→£301-£490,63.3968253968254,0.08542013368716941,0.022105757954285994,0.0006990454453992805,0.050063067779574644,0.12457883245995312
Wave-1,Male,£0-£300→£301-£490,64.42857142857143,0.08456681753560011,0.0219149693144555,0.0006930121788637817,0.049242072971019235,0.12336055159348346
Wave-1,Male,£0-£300→£301-£490,65.46031746031747,0.08370047063948524,0.02172236703349976,0.0006869215599601436,0.048782430246744286,0.1221549818554406
Wave-1,Male,£0-£300→£301-£490,66.4920634920635,0.08282223283308814,0.021528185234450384,0.0006807809923086921,0.048342099806852515,0.12092566342625037
Wave-1,Male,£0-£300→£301-£490,67.52380952380953,0.08193322338556595,0.021332652345330227,0.0006745976994377637,0.04788555433216952,0.11939656216371453
Wave-1,Male,£0-£300→£301-£490,68.55555555555557,0.08103453872745779,0.02113599046891098,0.0006683787048536898,0.04736633916052421,0.11809497724096175
Wave-1,Male,£0-£300→£301-£490,69.5873015873016,0.08012725042440443,0.02093841484797966,0.0006621308151310397,0.046837311974781186,0.11693568753322611
Wave-1,Male,£0-£300→£301-£490,70.61904761904762,0.07921240339112821,0.020740133421566536,0.0006558606058793144,0.046470746201953,0.11589728807254972
Wave-1,Male,£0-£300→£301-£490,71.65079365079366,0.07829101433717137,0.020541346466761087,0.0006495744104161726,0.04599264847106303,0.1146367199152048
Wave-1,Male,£0-£300→£301-£490,72.6825396825397,0.07736407043466673,0.02034224632016336,0.0006432783109589502,0.04518782910239877,0.11333097636835808
Wave-1,Male,£0-£300→£301-£490,73.71428571428572,0.07643252819747304,0.020143017172654754,0.0006369781321347416,0.04476874195769655,0.1120148775373104
Wave-1,Male,£0-£300→£301-£490,74.74603174603175,0.07549731256031911,0.01994383493099641,0.0006306794366037571,0.044267618912696226,0.11070933909009273
Wave-1,Male,£0-£300→£301-£490,75.77777777777779,0.07455931614614271,0.019744867139744333,0.0006243875225900624,0.04363008199736581,0.10945172921014212
Wave-1,Male,£0-£300→£301-£490,76.80952380952382,0.0736193987095484,0.019546272957081133,0.00061810742311731,0.04299757986297199,0.10826767451259511
Wave-1,Male,£0-£300→£301-£490,77.84126984126985,0.07267838674421943,0.01934820317837862,0.0006118439067538554,0.04236734999156163,0.10696459042607741
Wave-1,Male,£0-£300→£301-£490,78.87301587301587,0.07173707324217636,0.019150800301600195,0.0006056014796809616,0.04168058305780412,0.10550861828355887
Wave-1,Male,£0-£300→£301-£490,79.90476190476191,0.07079621759295103,0.018954198629005315,0.0005993843889089763,0.0410131981078713,0.10420251945900223
Wave-1,Male,£0-£300→£301-£490,80.93650793650795,0.06985654561102331,0.018758524400011738,0.0005931966264788057,0.04050353378919786,0.10302981831485424
Wave-1,Male,£0-£300→£301-£490,81.96825396825398,0.06891874968022205,0.018563895950488737,0.0005870419344992078,0.039857292823570825,0.10197375124908328
Wave-1,Male,£0-£300→£301-£490,83.0,0.0679834890042104,0.01837042389418127,0.0005809238108839284,0.03911879731981196,0.10094977147327931
Wave-1,Male,£0-£300→£491-£740,18.0,0.10344921036169553,0.026740961003393255,0.000845623435924643,0.06253544858459062,0.14802179284725567
Wave-1,Male,£0-£300→£491-£740,19.03174603174603,0.1039727110087108,0.02676560587902347,0.0008464027753210736,0.06278549126323464,0.14904618119805024
Wave-1,Male,£0-£300→£491-£740,20.063492063492063,0.10446329405086674,0.026785223443842328,0.0008470231371908094,0.06300962434762239,0.14956318871741645
Wave-1,Male,£0-£300→£491-£740,21.095238095238095,0.10491996195154209,0.026799764241314385,0.0008474829575808786,0.06322782103323707,0.15023846093735035
Wave-1,Male,£0-£300→£491-£740,22.126984126984127,0.10534176691875635,0.026809175059911417,0.0008477805537950115,0.06338105386356013,0.1507166073126375
Wave-1,Male,£0-£300→£491-£740,23.158730158730158,0.10572781542072113,0.026813398672164434,0.0008479141161417408,0.06380371156538978,0.1508244046340597
Wave-1,Male,£0-£300→£491-£740,24.19047619047619,0.10607727257424672,0.02681237377417215,0.0008478817060214913,0.06414857874393055,0.15131932673551182
Wave-1,Male,£0-£300→£491-£740,25.22222222222222,0.10638936636885617,0.02680603514143452,0.0008476812608544691,0.0645300324729452,0.1515072360658878
Wave-1,Male,£0-£300→£491-£740,26.253968253968253,0.106663391688959,0.026794314010207737,0.0008473106061401655,0.0648301457490524,0.1517055952517653
Wave-1,Male,£0-£300→£491-£740,27.285714285714285,0.10689871409640049,0.02677713868633855,0.0008467674747103886,0.06540818489913194,0.15280873302483283
Wave-1,Male,£0-£300→£491-£740,28.317460317460316,0.10709477333617366,0.026754435376058667,0.0008460495330012891,0.06581184673040592,0.1533666529965886
Wave-1,Male,£0-£300→£491-£740,29.349206349206348,0.10725108652909622,0.026726129225841607,0.0008451544139365214,0.0661850837692803,0.15358404813118734
Wave-1,Male,£0-£300→£491-£740,30.380952380952383,0.10736725101684204,0.026692145551468066,0.0008440797557937025,0.06613613183032718,0.15367793593438744
Wave-1,Male,£0-£300→£491-£740,31.412698412698415,0.10744294682688535,0.02665241123019843,0.0008428232462287733,0.06673817706456563,0.15356595653619645
Wave-1,Male,£0-£300→£491-£740,32.44444444444444,0.10747793872767393,0.0266068562246477,0.0008413826704651541,0.06682157336405972,0.15399186605449472
Wave-1,Male,£0-£300→£491-£740,33.47619047619048,0.10747207784767422,0.02655541520276831,0.0008397559625220999,0.06673525640505103,0.15383268025316743
Wave-1,Male,£0-£300→£491-£740,34.507936507936506,0.10742530283580616,0.026498029215374183,0.0008379412582626683,0.06662659627058415,0.15335412265108508
Wave-1,Male,£0-£300→£491-£740,35.539682539682545,0.10733764054516082,0.026434647390922137,0.0008359369489874141,0.06650538443473322,0.15278295666548156
Wave-1,Male,£0-£300→£491-£740,36.57142857142857,0.10720920622671723,0.02636522860678837,0.0008337417342847915,0.06635795029679394,0.15212128703042097
Wave-1,Male,£0-£300→£491-£740,37.60317460317461,0.1070402032249737,0.026289743096977538,0.0008313546728713794,0.06618469160982092,0.15166824544020083
Wave-1,Male,£0-£300→£491-£740,38.63492063492063,0.1068309221729034,0.026208173957991916,0.0008287752302116453,0.06607301412395208,0.1512028080846037
Wave-1,Male,£0-£300→£491-£740,39.66666666666667,0.10658173968933862,0.026120518517362447,0.0008260033217946974,0.06574834917148062,0.1506639054079978
Wave-1,Male,£0-£300→£491-£740,40.698412698412696,0.10629311658768241,0.026026789532989696,0.0008230393510607752,0.06548474806225144,0.15041866902572867
Wave-1,Male,£0-£300→£491-£740,41.730158730158735,0.10596559561062631,0.02592701619584583,0.0008198842411094703,0.06520946558111695,0.1500882257135559
Wave-1,Male,£0-£300→£491-£740,42.761904761904766,0.10559979871120664,0.02582124491362955,0.0008165394594810713,0.06498583467874981,0.14973357896819864
Wave-1,Male,£0-£300→£491-£740,43.7936507936508,0.10519642390593693,0.02570953985852002,0.0008130070354780638,0.06462607786034348,0.14943354319112032
Wave-1,Male,£0-£300→£491-£740,44.82539682539683,0.10475624173079487,0.02559198326810576,0.000809289569681338,0.06434967111867645,0.1486042189160186
Wave-1,Male,£0-£300→£491-£740,45.85714285714286,0.1042800913354048,0.025468675494716653,0.0008053902355102031,0.06407975678234082,0.1480283278135521
Wave-1,Male,£0-£300→£491-£740,46.88888888888889,0.10376887625473546,0.025339734804587757,0.0008013127728713901,0.06393615963025026,0.1474072333309173
Wave-1,Male,£0-£300→£491-£740,47.920634920634924,0.10322355990093494,0.025205296934343605,0.0007970614741338532,0.06376934359875214,0.1467612530312875
Wave-1,Male,£0-£300→£491-£740,48.952380952380956,0.10264516082047737,0.025065514418009974,0.0007926411628470136,0.06349072989149646,0.14606684239222345
Wave-1,Male,£0-£300→£491-£740,49.98412698412699,0.10203474776353937,0.02492055570293764,0.000788057165783814,0.06329790187072948,0.1453485836285961
Wave-1,Male,£0-£300→£491-£740,51.01587301587302,0.10139343461343261,0.024770604077475167,0.0007833152790307549,0.0630775389926827,0.14405791469009893
Wave-1,Male,£0-£300→£491-£740,52.04761904761905,0.10072237522398154,0.024615856436800577,0.0007784217289600647,0.06271368585726407,0.14310780526886185
Wave-1,Male,£0-£300→£491-£740,53.07936507936508,0.10002275821197432,0.024456521915902193,0.0007733831290007587,0.0624081325914282,0.14210209827590845
Wave-1,Male,£0-£300→£491-£740,54.111111111111114,0.0992958017502776,0.024292820420228085,0.000768206433173695,0.062026986707460194,0.14103845422521355
Wave-1,Male,£0-£300→£491-£740,55.142857142857146,0.0985427484049556,0.024124981084997752,0.0007628988873707311,0.061476718724077055,0.13987057907063963
Wave-1,Male,£0-£300→£491-£740,56.17460317460318,0.09776486005686601,0.02395324069364142,0.000757467979341384,0.060850313962972524,0.1388977423439433
Wave-1,Male,£0-£300→£491-£740,57.20634920634921,0.09696341294481726,0.02377784208440418,0.0007519213883052287,0.060356569480801016,0.13757141200023512
Wave-1,Male,£0-£300→£491-£740,58.23809523809524,0.09613969286358173,0.023599032571963528,0.000746266935039062,0.05994951820901825,0.13655991325979344
Wave-1,Male,£0-£300→£491-£740,59.26984126984127,0.09529499054598432,0.023417062408126722,0.0007405125331998789,0.05930771404063791,0.1353553555852845
Wave-1,Male,£0-£300→£491-£740,60.301587301587304,0.09443059725404501,0.02323218330247516,0.0007346661425435404,0.05896790757783013,0.13410191990973366
Wave-1,Male,£0-£300→£491-£740,61.333333333333336,0.09354780059985797,0.023044647020383544,0.0007287357245902468,0.05812513062770714,0.13282781237706084
Wave-1,Male,£0-£300→£491-£740,62.36507936507937,0.0926478806126458,0.022854704072323543,0.0007227292011766802,0.05736309142571626,0.13152015918880533
Wave-1,Male,£0-£300→£491-£740,63.3968253968254,0.09173210606432217,0.022662602504907498,0.0007166544162254493,0.05678700918476301,0.1302118249286196
Wave-1,Male,£0-£300→£491-£740,64.42857142857143,0.0908017310620074,0.022468586800852446,0.0007105191009588981,0.055890970593451314,0.12890895614251036
Wave-1,Male,£0-£300→£491-£740,65.46031746031747,0.08985799191232915,0.02227289689203537,0.0007043308426891718,0.05518884416771009,0.12762750003045853
Wave-1,Male,£0-£300→£491-£740,66.4920634920635,0.08890210425904772,0.02207576728712663,0.0006980970572315646,0.05428495022169412,0.12635324074947535
Wave-1,Male,£0-£300→£491-£740,67.52380952380953,0.08793526049259996,0.021877426312963803,0.0006918249649146531,0.05363007253312711,0.12507347910412453
Wave-1,Male,£0-£300→£491-£740,68.55555555555557,0.08695862742757499,0.02167809546687539,0.0006855215700989747,0.052738334181309035,0.1237769928358569
Wave-1,Male,£0-£300→£491-£740,69.5873015873016,0.08597334424191597,0.021477988875577787,0.000679193644065846,0.05184804772803695,0.12244820253822103
Wave-1,Male,£0-£300→£491-£740,70.61904761904762,0.08498052066978265,0.02127731285503199,0.0006728477110988114,0.05101855113827416,0.12116488489332439
Wave-1,Male,£0-£300→£491-£740,71.65079365079366,0.08398123543848751,0.02107626556473163,0.0006664900375512692,0.05061218315635335,0.1197839149367641
Wave-1,Male,£0-£300→£491-£740,72.6825396825397,0.08297653493871684,0.02087503674926867,0.0006601266236740626,0.049772250851519734,0.11845274721827083
Wave-1,Male,£0-£300→£491-£740,73.71428571428572,0.08196743211633582,0.02067380755965184,0.0006537631979650718,0.04906893404240999,0.11711602833783176
Wave-1,Male,£0-£300→£491-£740,74.74603174603175,0.08095490557342955,0.020472750446699866,0.0006474052137980119,0.048220780274192035,0.11595194892888208
Wave-1,Male,£0-£300→£491-£740,75.77777777777779,0.07993989886581516,0.02027202911886114,0.0006410578480885746,0.04767710195886143,0.11480631821124565
Wave-1,Male,£0-£300→£491-£740,76.80952380952382,0.0789233199840484,0.020071798556989866,0.0006347260017616897,0.047210020837854805,0.11331794087821837
Wave-1,Male,£0-£300→£491-£740,77.84126984126985,0.07790604100490871,0.019872205078905452,0.0006284143017930732,0.046293370002684235,0.11186846387838405
Wave-1,Male,£0-£300→£491-£740,78.87301587301587,0.07688889790045496,0.01967338644694809,0.0006221271046104332,0.04563857961847769,0.1107148801588581
Wave-1,Male,£0-£300→£491-£740,79.90476190476191,0.07587269049197437,0.019475472012194017,0.0006158685006539565,0.045004780764229826,0.10972183951448251
Wave-1,Male,£0-£300→£491-£740,80.93650793650795,0.07485818253647412,0.019278582889486792,0.0006096423199112845,0.044373486609672656,0.10865176531388818
Wave-1,Male,£0-£300→£491-£740,81.96825396825398,0.07384610193377296,0.019082832157956777,0.0006034521382584946,0.043745099659766445,0.10716867844333007
Wave-1,Male,£0-£300→£491-£740,83.0,0.07283714104271544,0.018888325082223656,0.0005973012844551393,0.04311579170887397,0.10635619058254708
Wave-1,Male,"£0-£300→£741-£1,111",18.0,0.1375015902762103,0.03333566405851346,0.0010541662573911508,0.08718676475252374,0.19609448810972727
Wave-1,Male,"£0-£300→£741-£1,111",19.03174603174603,0.13804127603666894,0.03329084796870951,0.0010527490481951195,0.08754823390706444,0.1960868230771907
Wave-1,Male,"£0-£300→£741-£1,111",20.063492063492063,0.13853572990781368,0.033239986882519876,0.0010511406794288258,0.08794741450343223,0.1960269510914202
Wave-1,Male,"£0-£300→£741-£1,111",21.095238095238095,0.1389838953136013,0.03318313102589488,0.0010493427393762761,0.08839851830659584,0.19679935367636894
Wave-1,Male,"£0-£300→£741-£1,111",22.126984126984127,0.1393847902161231,0.03312032889209146,0.0010473567615289015,0.0889482730329566,0.1973372222791158
Wave-1,Male,"£0-£300→£741-£1,111",23.158730158730158,0.1397375119589236,0.03305162666761085,0.0010451842064321125,0.08941939718811387,0.19722043475446896
Wave-1,Male,"£0-£300→£741-£1,111",24.19047619047619,0.14004124185726766,0.032977067829642,0.0010428264489553425,0.08965648721343474,0.19783304118468378
Wave-1,Male,"£0-£300→£741-£1,111",25.22222222222222,0.14029524949488456,0.032896692932947114,0.0010402847715527766,0.08945956816140069,0.19774541637699813
Wave-1,Male,"£0-£300→£741-£1,111",26.253968253968253,0.14049889668740975,0.03281053959892779,0.0010375603639175932,0.08950834127485752,0.1977359321345525
Wave-1,Male,"£0-£300→£741-£1,111",27.285714285714285,0.14065164107394273,0.032718642713690495,0.0010346543292453437,0.0903005990870243,0.19770247614453645
Wave-1,Male,"£0-£300→£741-£1,111",28.317460317460316,0.1407530392998669,0.032621034835495694,0.0010315676971186251,0.09104189473647195,0.19778938248296654
Wave-1,Male,"£0-£300→£741-£1,111",29.349206349206348,0.14080274975635543,0.03251774680526493,0.00102830144281301,0.09096039806015427,0.19768475384747175
Wave-1,Male,"£0-£300→£741-£1,111",30.380952380952383,0.14080053484482993,0.03240880854708891,0.0010248565126113331,0.09137397286268995,0.1976657402257766
Wave-1,Male,"£0-£300→£741-£1,111",31.412698412698415,0.1407462627380434,0.03229425003918842,0.0010212338545081735,0.09141473353524855,0.197586192308823
Wave-1,Male,"£0-£300→£741-£1,111",32.44444444444444,0.14063990861341863,0.03217410242978463,0.001017434453496771,0.0912722272366832,0.19744160192847507
Wave-1,Male,"£0-£300→£741-£1,111",33.47619047619048,0.14048155533876097,0.03204839926707395,0.0010134593704642463,0.09111342143770707,0.1972452976770907
Wave-1,Male,"£0-£300→£741-£1,111",34.507936507936506,0.14027139359544122,0.03191717780818977,0.0010093097835846047,0.09126131835102551,0.19698403422758257
Wave-1,Male,"£0-£300→£741-£1,111",35.539682539682545,0.14000972142955878,0.03178048036884931,0.001004987030998319,0.09113872318016905,0.19666240541076777
Wave-1,Male,"£0-£300→£741-£1,111",36.57142857142857,0.1396969432273708,0.031638355673472306,0.0010004926535068298,0.09132281489826342,0.19583535163343824
Wave-1,Male,"£0-£300→£741-£1,111",37.60317460317461,0.13933356811733075,0.03149086016501436,0.0009958284359931123,0.09184729120016429,0.1954211470633442
Wave-1,Male,"£0-£300→£741-£1,111",38.63492063492063,0.138920207807314,0.03133805923463188,0.0009909964463070977,0.09174153876032581,0.19485268723006202
Wave-1,Male,"£0-£300→£741-£1,111",39.66666666666667,0.13845757387190882,0.03118002833357798,0.0009859990704269076,0.09173004643444883,0.19414411918604843
Wave-1,Male,"£0-£300→£741-£1,111",40.698412698412696,0.13794647451089456,0.031016853933356472,0.000980839042821589,0.09173369786795894,0.19308422745297085
Wave-1,Male,"£0-£300→£741-£1,111",41.730158730158735,0.13738781080608628,0.03084863430500688,0.0009755194710942716,0.09109282468384257,0.19238176168653945
Wave-1,Male,"£0-£300→£741-£1,111",42.761904761904766,0.13678257250946557,0.030675480094274038,0.000970043854170626,0.09053684648991396,0.19130002651583683
Wave-1,Male,"£0-£300→£741-£1,111",43.7936507936508,0.13613183340080803,0.030497514676091225,0.0009644160935086056,0.08988596350349448,0.19006047772505197
Wave-1,Male,"£0-£300→£741-£1,111",44.82539682539683,0.13543674625774252,0.030314874278992297,0.0009586404970327035,0.0894277062645205,0.1890067152403028
Wave-1,Male,"£0-£300→£741-£1,111",45.85714285714286,0.13469853748521807,0.030127707877450397,0.0009527217757294029,0.0891308517186834,0.18798946711047398
Wave-1,Male,"£0-£300→£741-£1,111",46.88888888888889,0.13391850145462275,0.029936176857389387,0.000946665033069721,0.08833171934223745,0.18690316158570214
Wave-1,Male,"£0-£300→£741-£1,111",47.920634920634924,0.13309799460521965,0.029740454466908397,0.0009404757476395931,0.08773445194635572,0.1853007549474995
Wave-1,Male,"£0-£300→£741-£1,111",48.952380952380956,0.13223842936208713,0.02954072507030595,0.0009341597495500448,0.08708784732328839,0.18398419589112155
Wave-1,Male,"£0-£300→£741-£1,111",49.98412698412699,0.1313412679253544,0.029337183228544353,0.0009277231913589226,0.08621293656877924,0.18264579834673683
Wave-1,Male,"£0-£300→£741-£1,111",51.01587301587302,0.13040801598521215,0.029130032633176945,0.0009211725143587132,0.0853362672166846,0.18104124931242713
Wave-1,Male,"£0-£300→£741-£1,111",52.04761904761905,0.1294402164159787,0.028919484923366153,0.0009145144111673704,0.08458039567292949,0.17932464745600682
Wave-1,Male,"£0-£300→£741-£1,111",53.07936507936508,0.12843944300048216,0.02870575841692344,0.0009077557856002743,0.08401848233349539,0.17797033850914865
Wave-1,Male,"£0-£300→£741-£1,111",54.111111111111114,0.12740729423324676,0.028489076786354803,0.0009009037108031136,0.08323352948181154,0.17636781842540844
Wave-1,Male,"£0-£300→£741-£1,111",55.142857142857146,0.12634538724755487,0.0282696677098143,0.0008939653865912916,0.08276095951333148,0.1747239799253331
Wave-1,Male,"£0-£300→£741-£1,111",56.17460317460318,0.12525535190750417,0.028047761524825507,0.000886948096876859,0.08221703881104953,0.1730124106177914
Wave-1,Male,"£0-£300→£741-£1,111",57.20634920634921,0.12413882510181662,0.02782358990983045,0.0008798591679754316,0.0814233801781482,0.17129857353976297
Wave-1,Male,"£0-£300→£741-£1,111",58.23809523809524,0.12299744527150784,0.027597384615291504,0.0008727059284801085,0.0806770068136524,0.16954957524673325
Wave-1,Male,"£0-£300→£741-£1,111",59.26984126984127,0.12183284719871855,0.027369376262423823,0.000865495671274056,0.0796179680598699,0.16753111123670414
Wave-1,Male,"£0-£300→£741-£1,111",60.301587301587304,0.12064665707916301,0.027139793223879,0.0008582356181346172,0.0789689741952617,0.16594775942458093
Wave-1,Male,"£0-£300→£741-£1,111",61.333333333333336,0.11944048789587045,0.026908860597012623,0.0008509328872651818,0.07817974632771474,0.16441933892826371
Wave-1,Male,"£0-£300→£741-£1,111",62.36507936507937,0.11821593510728354,0.026676799276891035,0.000843594463981085,0.07708456347536738,0.16241500765827446
Wave-1,Male,"£0-£300→£741-£1,111",63.3968253968254,0.1169745726584098,0.02644382513303122,0.0008362271746758374,0.07609496386998792,0.16085301794819284
Wave-1,Male,"£0-£300→£741-£1,111",64.42857142857143,0.1157179493196634,0.026210148291090016,0.0008288376641061438,0.07524648844653307,0.1590692324381152
Wave-1,Male,"£0-£300→£741-£1,111",65.46031746031747,0.11444758535433378,0.025975972518359952,0.0008214323759595743,0.07441737712822195,0.1574915665583157
Wave-1,Male,"£0-£300→£741-£1,111",66.4920634920635,0.11316496951230272,0.02574149470999469,0.0008140175366075872,0.07360090742138052,0.15589137966018224
Wave-1,Male,"£0-£300→£741-£1,111",67.52380952380953,0.11187155634471992,0.025506904471363136,0.000806599141898406,0.0724533037749764,0.15398372822365425
Wave-1,Male,"£0-£300→£741-£1,111",68.55555555555557,0.110568763831844,0.02527238379078689,0.0007991829468080684,0.07172854142622308,0.15194350262504985
Wave-1,Male,"£0-£300→£741-£1,111",69.5873015873016,0.1092579713141474,0.02503810679611063,0.0007917744577425072,0.07102043040068987,0.15019719848093632
Wave-1,Male,"£0-£300→£741-£1,111",70.61904761904762,0.10794051771505969,0.024804239588045743,0.0007843789272674118,0.07008432028691082,0.14865433117966884
Wave-1,Male,"£0-£300→£741-£1,111",71.65079365079366,0.1066177000423544,0.02457094014296728,0.0007770013510343987,0.06897957702360366,0.1470518295035501
Wave-1,Male,"£0-£300→£741-£1,111",72.6825396825397,0.10529077215414596,0.024338358277790902,0.0007696464666703232,0.06788650214834958,0.1454375561189369
Wave-1,Male,"£0-£300→£741-£1,111",73.71428571428572,0.10396094377472011,0.024106635669668867,0.0007623187544001206,0.06681935576733733,0.14383071657406588
Wave-1,Male,"£0-£300→£741-£1,111",74.74603174603175,0.10262937974494397,0.023875905923487227,0.0007550224391812554,0.06577123235981741,0.1422209386446538
Wave-1,Male,"£0-£300→£741-£1,111",75.77777777777779,0.10129719949175617,0.02364629468048866,0.0007477614941386768,0.06472045227928144,0.14060668477260552
Wave-1,Male,"£0-£300→£741-£1,111",76.80952380952382,0.09996547670119028,0.023417919761760417,0.0007405396451023059,0.06366834711913266,0.13922430985854486
Wave-1,Male,"£0-£300→£741-£1,111",77.84126984126985,0.09863523917950826,0.02319089134079153,0.0007333603760637736,0.06265039037530498,0.13770497591501235
Wave-1,Male,"£0-£300→£741-£1,111",78.87301587301587,0.0973074688872846,0.022965312139799136,0.0007262269353848049,0.06164967955567144,0.13610688586894243
Wave-1,Male,"£0-£300→£741-£1,111",79.90476190476191,0.09598310213166099,0.02274127764503379,0.0007191423426057693,0.06064373528010681,0.1344590474389231
Wave-1,Male,"£0-£300→£741-£1,111",80.93650793650795,0.09466302990246299,0.022518876336785117,0.0007121093957190992,0.05964417055344922,0.13280696771290226
Wave-1,Male,"£0-£300→£741-£1,111",81.96825396825398,0.0933480983384126,0.022298189930310523,0.0007051306787881248,0.05845209059266961,0.1311780244504796
Wave-1,Male,"£0-£300→£741-£1,111",83.0,0.09203910931026724,0.022079293624392458,0.000698208569807144,0.0571693176260994,0.12956175386246133
Wave-1,Male,"£0-£300→£1,112+",18.0,0.18145008942166593,0.03163917677106109,0.001000518618892448,0.13210748113373344,0.23535820075448752
Wave-1,Male,"£0-£300→£1,112+",19.03174603174603,0.18193106105342519,0.031582063205006713,0.000998712529352185,0.13311430631106064,0.23542865501809954
Wave-1,Male,"£0-£300→£1,112+",20.063492063492063,0.18235096930722758,0.03152400981802216,0.0009968767200646015,0.13407406567698074,0.2353499125216768
Wave-1,Male,"£0-£300→£1,112+",21.095238095238095,0.1827088204003503,0.03146494888448787,0.0009950090493575597,0.13452251091319084,0.23533093230916347
Wave-1,Male,"£0-£300→£1,112+",22.126984126984127,0.1830037275240658,0.03140478727973849,0.0009931065723705712,0.1350654901226598,0.23519896180799607
Wave-1,Male,"£0-£300→£1,112+",23.158730158730158,0.1832349155237962,0.031343407972163034,0.0009911655882391464,0.13503595348614797,0.23517516322029147
Wave-1,Male,"£0-£300→£1,112+",24.19047619047619,0.18340172514542438,0.03128067194654758,0.0009891817009162315,0.13461124145903816,0.23566326883160188
Wave-1,Male,"£0-£300→£1,112+",25.22222222222222,0.18350361680700983,0.031216420530603004,0.0009871498927434743,0.13427781580670559,0.23485854492553623
Wave-1,Male,"£0-£300→£1,112+",26.253968253968253,0.18354017385799637,0.03115047808617521,0.0009850646095547653,0.1346947929602285,0.23464640404502599
Wave-1,Male,"£0-£300→£1,112+",27.285714285714285,0.18351110529139444,0.03108265501676309,0.0009829198557823053,0.13451693280709162,0.23427203119959103
Wave-1,Male,"£0-£300→£1,112+",28.317460317460316,0.18341624787834743,0.031012751034058057,0.000980709297753656,0.13429991738545105,0.23405622158549128
Wave-1,Male,"£0-£300→£1,112+",29.349206349206348,0.18325556769893625,0.03094055861864667,0.0009784263731287656,0.13404408015410219,0.23389446892122664
Wave-1,Male,"£0-£300→£1,112+",30.380952380952383,0.18302916104799283,0.03086586660413393,0.0009760644042398996,0.1338155990480394,0.23374208739643154
Wave-1,Male,"£0-£300→£1,112+",31.412698412698415,0.18273725470003724,0.030788463810042556,0.0009736167129740021,0.13375409617454673,0.23342188053569213
Wave-1,Male,"£0-£300→£1,112+",32.44444444444444,0.18238020552316725,0.0307081426471401,0.0009710767347831502,0.13339375825552618,0.23310218441983566
Wave-1,Male,"£0-£300→£1,112+",33.47619047619048,0.18195849943773576,0.03062470261946336,0.0009684381294282903,0.133230446961076,0.23263078771701273
Wave-1,Male,"£0-£300→£1,112+",34.507936507936506,0.18147274972187893,0.030537953650268648,0.0009656948861550196,0.13270307705206072,0.23179771950483707
Wave-1,Male,"£0-£300→£1,112+",35.539682539682545,0.18092369467230696,0.030447719164347242,0.0009628414211649592,0.13181340909845105,0.23070900616164192
Wave-1,Male,"£0-£300→£1,112+",36.57142857142857,0.1803121946351498,0.030353838866419413,0.000959872665476288,0.13144559387897614,0.22975100150066355
Wave-1,Male,"£0-£300→£1,112+",37.60317460317461,0.1796392284279567,0.03025617116437474,0.0009567841415533295,0.13138220555677232,0.2288209213710783
Wave-1,Male,"£0-£300→£1,112+",38.63492063492063,0.1789058891800779,0.030154595196607438,0.0009535720274165242,0.13083028067397132,0.22794725985260375
Wave-1,Male,"£0-£300→£1,112+",39.66666666666667,0.17811337962450516,0.030049012434192186,0.0009502332073076781,0.13020990144918174,0.2270415557109867
Wave-1,Male,"£0-£300→£1,112+",40.698412698412696,0.17726300687971075,0.029939347840717837,0.0009467653083671243,0.1294247336889678,0.22645243197774
Wave-1,Male,"£0-£300→£1,112+",41.730158730158735,0.17635617676500911,0.029825550584790743,0.0009431667231650571,0.1283603312407008,0.22572391705884898
Wave-1,Male,"£0-£300→£1,112+",42.761904761904766,0.1753943876973758,0.02970759431209408,0.0009394366183048033,0.12741257963864358,0.22460106501625737
Wave-1,Male,"£0-£300→£1,112+",43.7936507936508,0.1743792242214197,0.029585476995030845,0.0009355749296681156,0.126603048435492,0.22329792459171763
Wave-1,Male,"£0-£300→£1,112+",44.82539682539683,0.1733123502272427,0.0294592203880168,0.0009315823451900238,0.125792184102803,0.2221207159096367
Wave-1,Male,"£0-£300→£1,112+",45.85714285714286,0.17219550191318517,0.029328869125114527,0.000927460276323518,0.1250192157771278,0.2209098925660738
Wave-1,Male,"£0-£300→£1,112+",46.88888888888889,0.1710304805519015,0.02919448950366877,0.0009232108195747199,0.12408120993574688,0.21998387468115843
Wave-1,Male,"£0-£300→£1,112+",47.920634920634924,0.16981914511881985,0.0290561680027515,0.0009188367096520035,0.12311174418863399,0.2184667260832376
Wave-1,Male,"£0-£300→£1,112+",48.952380952380956,0.16856340484180451,0.028914009588469344,0.0009143412658751092,0.1221331206549544,0.21679170556916857
Wave-1,Male,"£0-£300→£1,112+",49.98412698412699,0.167265211729781,0.028768135859527262,0.0009097283335327192,0.12088758182834,0.215331616186955
Wave-1,Male,"£0-£300→£1,112+",51.01587301587302,0.16592655313622806,0.02861868308596158,0.0009050022218617496,0.11975049267124972,0.2139177466171718
Wave-1,Male,"£0-£300→£1,112+",52.04761904761905,0.16454944441085104,0.02846580019180984,0.0009001676402537703,0.11907710869049076,0.21175841779905455
Wave-1,Male,"£0-£300→£1,112+",53.07936507936508,0.16313592168949537,0.028309646728893294,0.000895229634180381,0.11777371648575698,0.2103958485452865
Wave-1,Male,"£0-£300→£1,112+",54.111111111111114,0.16168803486851885,0.028150390884120545,0.00089019352217862,0.11622972425140252,0.20909932280418425
Wave-1,Male,"£0-£300→£1,112+",55.142857142857146,0.16020784080553124,0.027988207557078353,0.0008850648350590469,0.11514506179922727,0.20775055899999567
Wave-1,Male,"£0-£300→£1,112+",56.17460317460318,0.15869739678372255,0.02782327653847363,0.0008798492583030216,0.11415889142405274,0.20635266599375993
Wave-1,Male,"£0-£300→£1,112+",57.20634920634921,0.157158754272063,0.027655780813537676,0.0008745525784116348,0.11243670476334758,0.2046251649697463
Wave-1,Male,"£0-£300→£1,112+",58.23809523809524,0.15559395300857934,0.02748590500808789,0.0008691806337658651,0.11138722126365967,0.202759092216591
Wave-1,Male,"£0-£300→£1,112+",59.26984126984127,0.15400501542880246,0.027313833988813124,0.0008637392703637152,0.11052470840436474,0.20085017786445158
Wave-1,Male,"£0-£300→£1,112+",60.301587301587304,0.1523939414564515,0.02713975162371122,0.0008582343026218049,0.10923572875728967,0.19888546091084938
Wave-1,Male,"£0-£300→£1,112+",61.333333333333336,0.15076270366855704,0.026963839703611388,0.0008526714792709147,0.10808198199118783,0.19678313960483768
Wave-1,Male,"£0-£300→£1,112+",62.36507936507937,0.14911324284261526,0.026786277021458794,0.0008470564542404074,0.10706629667913943,0.19456752579566947
Wave-1,Male,"£0-£300→£1,112+",63.3968253968254,0.14744746388907212,0.026607238602569205,0.0008413947623167432,0.10565485840316645,0.1919940352545562
Wave-1,Male,"£0-£300→£1,112+",64.42857142857143,0.14576723216850834,0.02642689507638076,0.0008356917992765262,0.10417286392715285,0.18965387849656876
Wave-1,Male,"£0-£300→£1,112+",65.46031746031747,0.14407437018937333,0.02624541217830093,0.0008299528061335215,0.10302114872590519,0.18766716871536404
Wave-1,Male,"£0-£300→£1,112+",66.4920634920635,0.14237065467901186,0.02606295036900732,0.0008241828570998906,0.10124337937527117,0.18549362795857482
Wave-1,Male,"£0-£300→£1,112+",67.52380952380953,0.14065781401805413,0.025879664557927756,0.0008183868508418633,0.09977921747670625,0.1834611927383799
Wave-1,Male,"£0-£300→£1,112+",68.55555555555557,0.13893752602598672,0.025695703917506158,0.0008125695046063083,0.0983337762045472,0.1814900931583266
Wave-1,Male,"£0-£300→£1,112+",69.5873015873016,0.13721141608387802,0.0255112117751605,0.0008067353508041455,0.09670944737829737,0.17947541405614748
Wave-1,Male,"£0-£300→£1,112+",70.61904761904762,0.13548105557877027,0.025326325570464124,0.0008008887356562988,0.09520381310289003,0.1774513948941995
Wave-1,Male,"£0-£300→£1,112+",71.65079365079366,0.13374796065314637,0.025141176865946604,0.0007950338195352502,0.09403249461050735,0.1751236152188128
Wave-1,Male,"£0-£300→£1,112+",72.6825396825397,0.13201359124209666,0.024955891400937725,0.0007891745786677353,0.09268372451599372,0.1731052932017501
Wave-1,Male,"£0-£300→£1,112+",73.71428571428572,0.1302793503803182,0.024770589179002565,0.0007833148078996841,0.09130435077387034,0.17104865392593452
Wave-1,Male,"£0-£300→£1,112+",74.74603174603175,0.12854658376084038,0.024585384580681987,0.0007774581242613878,0.08994277346851995,0.16906249054401762
Wave-1,Male,"£0-£300→£1,112+",75.77777777777779,0.12681657952734998,0.02440038649441669,0.0007716079711076814,0.08849909094829786,0.16708233704363532
Wave-1,Male,"£0-£300→£1,112+",76.80952380952382,0.12509056828215698,0.024215698459660165,0.0007657676226435718,0.08706624953225835,0.16519241153999473
Wave-1,Male,"£0-£300→£1,112+",77.84126984126985,0.1233697232921644,0.024031418817250138,0.0007599401886794013,0.08532311837624078,0.16293660042180674
Wave-1,Male,"£0-£300→£1,112+",78.87301587301587,0.12165516087565649,0.023847640863091282,0.0007541286194907213,0.08405923434281364,0.16114411407243745
Wave-1,Male,"£0-£300→£1,112+",79.90476190476191,0.11994794095327233,0.02366445300209169,0.0007483357106861909,0.08296391387544018,0.15932934025977005
Wave-1,Male,"£0-£300→£1,112+",80.93650793650795,0.1182490677471636,0.02348193890008489,0.000742564108011773,0.08181133823880182,0.1574414578814236
Wave-1,Male,"£0-£300→£1,112+",81.96825396825398,0.11655949061302702,0.02330017763215521,0.0007368163120411938,0.08055631986957232,0.15550266130272286
Wave-1,Male,"£0-£300→£1,112+",83.0,0.11488010499043534,0.023119243826367472,0.0007310946827210758,0.07926177855056953,0.15349937621474447
Wave-6,Female,£0-£300→£301-£490,20.0,0.03781313576412437,0.015225689851726877,0.0004814785887876831,0.014737109121697057,0.06479642327889114
Wave-6,Female,£0-£300→£301-£490,21.015873015873016,0.03782196784066465,0.015225336278583934,0.00048146740782317146,0.014716896261231528,0.06478786248209123
Wave-6,Female,£0-£300→£301-£490,22.03174603174603,0.03782945355197933,0.015224460037985471,0.00048143969866247695,0.014724229258283903,0.0647413937959382
Wave-6,Female,£0-£300→£301-£490,23.047619047619047,0.03783559314867589,0.01522305881845754,0.00048139538821037527,0.014711090647534298,0.06469638956016324
Wave-6,Female,£0-£300→£301-£490,24.063492063492063,0.03784038750394987,0.015221130840730304,0.00048133442020141385,0.014716891961021867,0.06465342576786702
Wave-6,Female,£0-£300→£301-£490,25.07936507936508,0.03784383811415527,0.015218674874946965,0.0004812567557441059,0.014721444329833654,0.06460751121132376
Wave-6,Female,£0-£300→£301-£490,26.095238095238095,0.03784594709840833,0.01521569025682693,0.0004811623738320547,0.014724751276481339,0.06455866848463716
Wave-6,Female,£0-£300→£301-£490,27.11111111111111,0.037846717197205185,0.015212176902663204,0.0004810512718182126,0.014726816847338254,0.06458103003577045
Wave-6,Female,£0-£300→£301-£490,28.126984126984127,0.03784615177003641,0.015208135323033622,0.00048092346584846843,0.014708573816384258,0.06468697543621978
Wave-6,Female,£0-£300→£301-£490,29.142857142857142,0.03784425479198336,0.015203566635105857,0.0004807789912507659,0.014605605088103999,0.06470054296118075
Wave-6,Female,£0-£300→£301-£490,30.158730158730158,0.037841030849283544,0.015198472573417703,0.00048061790287600624,0.01473024405578436,0.06457419964289078
Wave-6,Female,£0-£300→£301-£490,31.174603174603174,0.037836485133855034,0.015192855499016663,0.0004804402753870671,0.014786488848019773,0.06444113609565227
Wave-6,Female,£0-£300→£301-£490,32.19047619047619,0.03783062343677295,0.015186718406846737,0.0004802462034923936,0.014890258916663922,0.06430292459522376
Wave-6,Female,£0-£300→£301-£490,33.2063492063492,0.0378234521406937,0.015180064931275352,0.00048003580212077493,0.014994062271377805,0.06415961651885341
Wave-6,Female,£0-£300→£301-£490,34.22222222222222,0.03781497821122692,0.01517289934965978,0.00047980920653412453,0.015023218671840661,0.06400899464365553
Wave-6,Female,£0-£300→£301-£490,35.23809523809524,0.03780520918725781,0.015165226583860112,0.0004795665723753246,0.014987866984971752,0.06392124944344967
Wave-6,Female,£0-£300→£301-£490,36.25396825396825,0.03779415317022763,0.015157052199614903,0.00047930807564848207,0.014951413854010363,0.06388803944454054
Wave-6,Female,£0-£300→£301-£490,37.269841269841265,0.03778181881238299,0.015148382403706038,0.00047903391262927377,0.01491386190327114,0.06385550169924789
Wave-6,Female,£0-£300→£301-£490,38.285714285714285,0.037768215304010366,0.015139224038851035,0.00047874429970342735,0.014875214388173592,0.06372181386441246
Wave-6,Female,£0-£300→£301-£490,39.301587301587304,0.03775335235967573,0.015129584576274013,0.0004784394731317939,0.014835737605341908,0.06367460526849471
Wave-6,Female,£0-£300→£301-£490,40.317460317460316,0.03773724020349466,0.015119472105920512,0.00047811968874091396,0.014795894987530601,0.06368095951668042
Wave-6,Female,£0-£300→£301-£490,41.33333333333333,0.037719889553462685,0.015108895324296623,0.00047778522153845695,0.01475501099149289,0.06368527095805417
Wave-6,Female,£0-£300→£301-£490,42.34920634920635,0.037701311604881126,0.015097863519928872,0.00047743636525342205,0.014713090934433973,0.06362848522941958
Wave-6,Female,£0-£300→£301-£490,43.36507936507937,0.037681518012917796,0.015086386556458048,0.00047707343180151854,0.014693379230877896,0.06361020566989976
Wave-6,Female,£0-£300→£301-£490,44.38095238095238,0.03766052087434782,0.015074474853397666,0.00047669675067669445,0.014695336050511853,0.06363080836470418
Wave-6,Female,£0-£300→£301-£490,45.39682539682539,0.037638332708523785,0.01506213936460536,0.0004763066682703428,0.014681508310980466,0.06364639698513835
Wave-6,Female,£0-£300→£301-£490,46.41269841269841,0.03761496643762986,0.015049391554533484,0.00047590354712027916,0.014641035583858463,0.06361810848845863
Wave-6,Female,£0-£300→£301-£490,47.42857142857143,0.0375904353662784,0.015036243372343109,0.0004754877650921547,0.01460241537205751,0.0635285193429198
Wave-6,Female,£0-£300→£301-£490,48.44444444444444,0.03756475316051218,0.015022707223983032,0.0004750597144965167,0.014593097943388486,0.0635043938837055
Wave-6,Female,£0-£300→£301-£490,49.460317460317455,0.037537933826279186,0.015008795942352557,0.00047461980114527313,0.014619806535220287,0.06347882313694861
Wave-6,Female,£0-£300→£301-£490,50.476190476190474,0.03750999168745041,0.014994522755683097,0.00047416844335183063,0.014646930786038617,0.0634131559824872
Wave-6,Female,£0-£300→£301-£490,51.492063492063494,0.03748094136345421,0.014979901254288846,0.00047370607087965903,0.01467410994221645,0.06342227958158302
Wave-6,Female,£0-£300→£301-£490,52.507936507936506,0.03745079774660347,0.014964945355850965,0.00047323312384448045,0.014701334466944172,0.06329807590698706
Wave-6,Female,£0-£300→£301-£490,53.52380952380952,0.03741957597919415,0.014949669269412404,0.00047275005157568586,0.014717759153948599,0.06313180475741005
Wave-6,Female,£0-£300→£301-£490,54.53968253968254,0.03738729143045494,0.014934087458271529,0.0004722573114429283,0.014718759651230505,0.06299012135835694
Wave-6,Female,£0-£300→£301-£490,55.55555555555556,0.03735395967342934,0.014918214601972185,0.00047175536765414354,0.014719342197964655,0.062811800368725
Wave-6,Female,£0-£300→£301-£490,56.57142857142857,0.037319596461871614,0.014902065557595268,0.0004712446900314816,0.014719507798551874,0.06265090354020382
Wave-6,Female,£0-£300→£301-£490,57.58730158730158,0.0372842177072379,0.014885655320562418,0.0004707257527718111,0.014719257604255971,0.06248761436223363
Wave-6,Female,£0-£300→£301-£490,58.6031746031746,0.03724783945585334,0.014868998985165907,0.00047019903319856453,0.014718592912073267,0.06235372314038371
Wave-6,Female,£0-£300→£301-£490,59.61904761904762,0.03721047786633429,0.014852111705040156,0.0004696650105117378,0.01471532232591786,0.062305623926781725
Wave-6,Female,£0-£300→£301-£490,60.63492063492063,0.03717214918734308,0.014835008653789613,0.0004691241645428348,0.014699897963494269,0.062255432421764
Wave-6,Female,£0-£300→£301-£490,61.650793650793645,0.037132869735750175,0.01481770498598485,0.000468576974521455,0.014648004711410081,0.06220316188140713
Wave-6,Female,£0-£300→£301-£490,62.666666666666664,0.03709265587527535,0.014800215798733888,0.0004680239178600728,0.014612411493480335,0.06214882636477808
Wave-6,Female,£0-£300→£301-£490,63.682539682539684,0.03705152399567616,0.014782556094028981,0.00046746546896333786,0.014578498512208073,0.06209244071112774
Wave-6,Female,£0-£300→£301-£490,64.6984126984127,0.037009490492547724,0.01476474074206031,0.00046690209806795214,0.014544684082159132,0.06203402051673862
Wave-6,Female,£0-£300→£301-£490,65.71428571428571,0.03696657174779331,0.014746784445677712,0.0004663342701188517,0.01451096999210943,0.06197358211149641
Wave-6,Female,£0-£300→£301-£490,66.73015873015873,0.03692278411082047,0.014728701706169602,0.0004657624436870403,0.014479183797520676,0.061964240039632835
Wave-6,Female,£0-£300→£301-£490,67.74603174603175,0.03687814388051195,0.014710506790514737,0.000465187069934,0.014450435911410476,0.06200166159109988
Wave-6,Female,£0-£300→£301-£490,68.76190476190476,0.03683266728801525,0.014692213700248065,0.0004646085916271426,0.014476454920488881,0.06203905605450315
Wave-6,Female,£0-£300→£301-£490,69.77777777777777,0.036786370480388866,0.014673836142066141,0.00046402744221027116,0.01444185465540362,0.062062133781318474
Wave-6,Female,£0-£300→£301-£490,70.79365079365078,0.036739269505137215,0.014655387500281239,0.00046344404493250274,0.014397559393218486,0.061961366552698384
Wave-6,Female,£0-£300→£301-£490,71.80952380952381,0.03669138029566034,0.014636880811216339,0.00046285881203856656,0.014322987957740035,0.061981819410867806
Wave-6,Female,£0-£300→£301-£490,72.82539682539682,0.03664271865763825,0.014618328739615723,0.00046227214402284184,0.01428143411188463,0.06199766309235423
Wave-6,Female,£0-£300→£301-£490,73.84126984126983,0.03659330025636373,0.01459974355712848,0.00046168442894894626,0.01420179382744799,0.06200381797989719
Wave-6,Female,£0-£300→£301-£490,74.85714285714286,0.03654314060503145,0.014581137122904837,0.00046109604183613805,0.014194013242799184,0.06195238494504263
Wave-6,Female,£0-£300→£301-£490,75.87301587301587,0.03649225505398522,0.014562520866327987,0.0004605073441132487,0.014166615215643727,0.061948457709532015
Wave-6,Female,£0-£300→£301-£490,76.88888888888889,0.03644065878091972,0.014543905771887635,0.00045991868314034217,0.014117495863942956,0.06194171553029435
Wave-6,Female,£0-£300→£301-£490,77.9047619047619,0.036388366782027615,0.014525302366185414,0.0004593303917977904,0.014070942550511152,0.06193212648979021
Wave-6,Female,£0-£300→£301-£490,78.92063492063491,0.03633539386407752,0.014506720707047362,0.00045874278814197914,0.01402380520579613,0.06191829633246502
Wave-6,Female,£0-£300→£301-£490,79.93650793650794,0.036281754637403935,0.014488170374704606,0.00045815617512641715,0.013976100990528598,0.06186778795236608
Wave-6,Female,£0-£300→£301-£490,80.95238095238095,0.0362274635097855,0.014469660464990597,0.0004575708403866137,0.013927847117231914,0.06168582239840963
Wave-6,Female,£0-£300→£301-£490,81.96825396825396,0.036172534681184206,0.01445119958449165,0.0004569870560867251,0.013879060835116306,0.06146301154404899
Wave-6,Female,£0-£300→£301-£490,82.98412698412699,0.03611698213931443,0.01443279584757753,0.00045640507882565375,0.013831341037380932,0.06137027380951276
Wave-6,Female,£0-£300→£301-£490,84.0,0.03606081965600778,0.014414456875230049,0.0004558251496000049,0.013803111910288757,0.06146800287619644
Wave-6,Female,£0-£300→£491-£740,20.0,0.042773981646246885,0.01670295632541174,0.0005281938564661767,0.017473442864291498,0.07216198414795696
Wave-6,Female,£0-£300→£491-£740,21.015873015873016,0.0427810387193086,0.016701878613142217,0.0005281597762118367,0.017444779636959992,0.0721556400125166
Wave-6,Female,£0-£300→£491-£740,22.03174603174603,0.04278657535207059,0.016700207762145126,0.000528106939264021,0.017415520159198054,0.07214645085066752
Wave-6,Female,£0-£300→£491-£740,23.047619047619047,0.04279059298055687,0.0166979414593771,0.0005280352724778759,0.01738567381169968,0.07213443156242988
Wave-6,Female,£0-£300→£491-£740,24.063492063492063,0.042793093753351705,0.016695078030698748,0.0005279447229124655,0.017359316067066904,0.07211959812710239
Wave-6,Female,£0-£300→£491-£740,25.07936507936508,0.04279408053105,0.016691616459349187,0.0005278352584149876,0.017454876792013303,0.07210196758384974
Wave-6,Female,£0-£300→£491-£740,26.095238095238095,0.04279355688457518,0.016687556403072734,0.000527706868162367,0.017460311161240874,0.07207243646302226
Wave-6,Female,£0-£300→£491-£740,27.11111111111111,0.04279152709234528,0.01668289820977028,0.0005275595631561961,0.017523940106129704,0.07196980854460086
Wave-6,Female,£0-£300→£491-£740,28.126984126984127,0.04278799613627034,0.016677642931548147,0.0005273933766669979,0.017496653273221825,0.0717368131388929
Wave-6,Female,£0-£300→£491-£740,29.142857142857142,0.04278296969656654,0.016671792337039082,0.0005272083646238507,0.01749465997741866,0.0714982590204833
Wave-6,Female,£0-£300→£491-£740,30.158730158730158,0.04277645414537591,0.016665348921872464,0.0005270046059454848,0.01754304567302869,0.07137437069181128
Wave-6,Female,£0-£300→£491-£740,31.174603174603174,0.042768456539183444,0.016658315917174742,0.0005267822028090901,0.01758881648421425,0.07137087882798451
Wave-6,Female,£0-£300→£491-£740,32.19047619047619,0.042758984610026814,0.016650697295986137,0.00052654128085323,0.01763411321217867,0.07136542145271799
Wave-6,Female,£0-£300→£491-£740,33.2063492063492,0.04274804675549796,0.016642497777486,0.0005262819893114588,0.017601689115205092,0.07134271725572937
Wave-6,Female,£0-£300→£491-£740,34.22222222222222,0.04273565202753983,0.016633722828926858,0.0005260045010734818,0.017683952036418534,0.0712014573555763
Wave-6,Female,£0-£300→£491-£740,35.23809523809524,0.04272181012004566,0.016624378665186363,0.0005257090126709866,0.017751099433891478,0.07105817162395163
Wave-6,Female,£0-£300→£491-£740,36.25396825396825,0.04270653135527321,0.016614472245856497,0.0005253957441855956,0.017781458653030324,0.07103641151699529
Wave-6,Female,£0-£300→£491-£740,37.269841269841265,0.042689826669090894,0.016604011269801544,0.0005250649390767742,0.017786373674058737,0.07109009096139891
Wave-6,Female,£0-£300→£491-£740,38.285714285714285,0.04267170759507794,0.01659300416712895,0.0005247168639279271,0.01778574298170462,0.0711420242410294
Wave-6,Female,£0-£300→£491-£740,39.301587301587304,0.04265218624750626,0.01658146008853192,0.0005243518081093809,0.017752797696726278,0.07119219986329475
Wave-6,Female,£0-£300→£491-£740,40.317460317460316,0.042631275303236404,0.01656938889197771,0.0005239700833574322,0.017717453764742836,0.07124060665257735
Wave-6,Female,£0-£300→£491-£740,41.33333333333333,0.04260898798256649,0.016556801126732305,0.0005235720232691622,0.017681130929070775,0.07128723375541494
Wave-6,Female,£0-£300→£491-£740,42.34920634920635,0.04258533802907752,0.01654370801472944,0.0005231579827132748,0.01764384875738198,0.07127577757982248
Wave-6,Female,£0-£300→£491-£740,43.36507936507937,0.04256033968852487,0.01653012142931011,0.0005227283371577796,0.017605626881374008,0.07125464267996119
Wave-6,Female,£0-£300→£491-£740,44.38095238095238,0.04253400768683082,0.01651605387137736,0.000522283481915941,0.017607482358812657,0.07119270022340227
Wave-6,Female,£0-£300→£491-£740,45.39682539682539,0.042506357207238256,0.016501518443030105,0.000521823831312506,0.017644558758164206,0.07112306747064517
Wave-6,Female,£0-£300→£491-£740,46.41269841269841,0.04247740386669131,0.016486528818759113,0.0005213498177728413,0.01768104861910052,0.0711814542553104
Wave-6,Female,£0-£300→£491-£740,47.42857142857143,0.04244716369151305,0.016471099214306985,0.0005208618908381993,0.017716951718440285,0.0712350936314602
Wave-6,Female,£0-£300→£491-£740,48.44444444444444,0.04241565309245536,0.01645524435331312,0.0005203605161109395,0.01775226795132721,0.07131430282317884
Wave-6,Female,£0-£300→£491-£740,49.460317460317455,0.04238288883920013,0.01643897943188236,0.0005198461741340906,0.01770450303259946,0.07126545031576276
Wave-6,Female,£0-£300→£491-£740,50.476190476190474,0.042348888034394835,0.01642232008123377,0.0005193193592102012,0.01765452123232706,0.07118181121910225
Wave-6,Female,£0-£300→£491-£740,51.492063492063494,0.042313668087308624,0.016405282328601917,0.0005187805781649293,0.017611870735824747,0.07104515972426007
Wave-6,Female,£0-£300→£491-£740,52.507936507936506,0.0422772466871982,0.01638788255657836,0.0005182303490613081,0.017568180666760323,0.07100713569010814
Wave-6,Female,£0-£300→£491-£740,53.52380952380952,0.04223964177647432,0.016370137461094374,0.0005176691998710426,0.017652035092451047,0.07092069195648822
Wave-6,Female,£0-£300→£491-£740,54.53968253968254,0.0422008715237621,0.016352064008257932,0.0005170976671095746,0.01773170548159072,0.070831864330264
Wave-6,Female,£0-£300→£491-£740,55.55555555555556,0.0421609542969486,0.016333679390267954,0.0005165162944419702,0.017721619013111853,0.07074067439389697
Wave-6,Female,£0-£300→£491-£740,56.57142857142857,0.04211990863631152,0.016315000980636898,0.0005159256312669327,0.017714960042352405,0.07070259469011372
Wave-6,Female,£0-£300→£491-£740,57.58730158730158,0.042077753227822735,0.01629604628895879,0.000515326231286442,0.017711403818617133,0.07055184672494832
Wave-6,Female,£0-£300→£491-£740,58.6031746031746,0.042034506876718856,0.01627683291546341,0.000514718651068633,0.017707502800193627,0.070526146078057
Wave-6,Female,£0-£300→£491-£740,59.61904761904762,0.041990188481429595,0.01625737850559914,0.0005141034486115775,0.017694476183464928,0.07049635156407376
Wave-6,Female,£0-£300→£491-£740,60.63492063492063,0.04194481700795192,0.0162377007048859,0.0005134811819156103,0.017688074139648048,0.07045644853208369
Wave-6,Female,£0-£300→£491-£740,61.650793650793645,0.04189841146475514,0.01621781711427703,0.0005128524075717467,0.01767421471254393,0.07041024380013745
Wave-6,Female,£0-£300→£491-£740,62.666666666666664,0.041850990878298286,0.0161977452462633,0.00051221767937357,0.017660043693606284,0.07037942209123633
Wave-6,Female,£0-£300→£491-£740,63.682539682539684,0.04180257426923673,0.01617750248194524,0.0005115775469597395,0.017566450282167436,0.07033689700759779
Wave-6,Female,£0-£300→£491-£740,64.6984126984127,0.041753180629390374,0.01615710602929024,0.0005109325544939636,0.017465614465295064,0.07027832730905983
Wave-6,Female,£0-£300→£491-£740,65.71428571428571,0.041702828899540294,0.01613657288277958,0.0005102832393889273,0.017452765361909237,0.07004250210596266
Wave-6,Female,£0-£300→£491-£740,66.73015873015873,0.04165153794811483,0.01611591978463738,0.0005096301310802438,0.017373153187800642,0.06977171730472302
Wave-6,Female,£0-£300→£491-£740,67.74603174603175,0.04159932655082042,0.016095163187818368,0.0005089737498560251,0.0172107771021386,0.06949856796405066
Wave-6,Female,£0-£300→£491-£740,68.76190476190476,0.04154621337126539,0.016074319220915383,0.0005083146057471591,0.017049106119561886,0.06931892234067152
Wave-6,Female,£0-£300→£491-£740,69.77777777777777,0.041492216942618905,0.01605340365512958,0.0005076531974828167,0.016917640567703722,0.06926051688539096
Wave-6,Female,£0-£300→£491-£740,70.79365079365078,0.041437355650339576,0.0160324318734279,0.0005069900115151252,0.01680681824136187,0.06920998694271256
Wave-6,Female,£0-£300→£491-£740,71.80952380952381,0.041381647716002216,0.01601141884199296,0.0005063255211163341,0.016759805757693688,0.06900729562891593
Wave-6,Female,£0-£300→£491-£740,72.82539682539682,0.04132511118224303,0.015990379084050297,0.0005056601855511596,0.016688430725626976,0.06880405295681914
Wave-6,Female,£0-£300→£491-£740,73.84126984126983,0.04126776389883754,0.015969326656137775,0.0005049944493263589,0.016551681037408686,0.0687553841964533
Wave-6,Female,£0-£300→£491-£740,74.85714285714286,0.041209623509917775,0.015948275126861502,0.0005043287415189315,0.016516809202184058,0.06873009946800436
Wave-6,Female,£0-£300→£491-£740,75.87301587301587,0.04115070744232899,0.015927237558162284,0.0005036634751837136,0.016412743798646476,0.06871608290404452
Wave-6,Female,£0-£300→£491-£740,76.88888888888889,0.041091032895119214,0.015906226489096988,0.0005029990468404992,0.016327493502024948,0.06873658830265834
Wave-6,Female,£0-£300→£491-£740,77.9047619047619,0.041030616830149,0.015885253922119837,0.0005023358360402169,0.016324638391131522,0.06865905765294096
Wave-6,Female,£0-£300→£491-£740,78.92063492063491,0.04096947596380239,0.015864331311830605,0.0005016742050091165,0.01632931319105102,0.06850674900054295
Wave-6,Female,£0-£300→£491-£740,79.93650793650794,0.04090762675977472,0.015843469556139342,0.0005010144983693727,0.016334383198885815,0.06855364738790017
Wave-6,Female,£0-£300→£491-£740,80.95238095238095,0.0408450854229079,0.015822678989781517,0.0005003570429340167,0.016266815517490187,0.06857922462248978
Wave-6,Female,£0-£300→£491-£740,81.96825396825396,0.040781867894038766,0.01580196938010306,0.0004997021475736468,0.016182673871639533,0.06840467776230987
Wave-6,Female,£0-£300→£491-£740,82.98412698412699,0.040717989845822304,0.01578134992502197,0.000499050103151969,0.01610042750041551,0.06816904324581524
Wave-6,Female,£0-£300→£491-£740,84.0,0.040653466679487604,0.01576082925306223,0.0004984011825268698,0.01610483969318258,0.06792891506317425
Wave-6,Female,"£0-£300→£741-£1,111",20.0,0.0562232133678274,0.021275484245876154,0.0006727898853999846,0.02332729017265073,0.09367503542409548
Wave-6,Female,"£0-£300→£741-£1,111",21.015873015873016,0.056221985430316514,0.021271056934634894,0.0006726498815256562,0.023339266489648937,0.09363984100832994
Wave-6,Female,"£0-£300→£741-£1,111",22.03174603174603,0.056218790664491154,0.021265891715954242,0.0006724865429692191,0.02334948171739273,0.09358136034788829
Wave-6,Female,"£0-£300→£741-£1,111",23.047619047619047,0.056213635442599184,0.021259989474614174,0.0006722998977098728,0.023357931688691737,0.09351275026952839
Wave-6,Female,"£0-£300→£741-£1,111",24.063492063492063,0.05620652707008851,0.021253351917127374,0.000672089999712287,0.023364612516472143,0.09343172536201841
Wave-6,Female,"£0-£300→£741-£1,111",25.07936507936508,0.05619747377942555,0.021245981584323254,0.0006718569293245422,0.023369520593342186,0.09334519277579129
Wave-6,Female,"£0-£300→£741-£1,111",26.095238095238095,0.05618648472240154,0.021237881862044554,0.0006716007936163872,0.02337265259128115,0.09324629051856904
Wave-6,Female,"£0-£300→£741-£1,111",27.11111111111111,0.056173569960914944,0.021229056989843585,0.0006713217266542375,0.023348597459266332,0.09316914701303966
Wave-6,Female,"£0-£300→£741-£1,111",28.126984126984127,0.05615874045622124,0.021219512067569373,0.0006710198897094797,0.02323971822400043,0.09314726271356703
Wave-6,Female,"£0-£300→£741-£1,111",29.142857142857142,0.05614200805664584,0.021209253059742122,0.0006706954713968036,0.023342813267502486,0.09312264967099644
Wave-6,Female,"£0-£300→£741-£1,111",30.158730158730158,0.05612338548375937,0.021198286797617656,0.0006703486877394861,0.02337789439306455,0.09309533795846826
Wave-6,Female,"£0-£300→£741-£1,111",31.174603174603174,0.056102886317019325,0.02118662097885175,0.0006699797821587761,0.023416611956386536,0.0930653584131809
Wave-6,Female,"£0-£300→£741-£1,111",32.19047619047619,0.05608052497688677,0.021174264164682797,0.0006695890253848028,0.02351951431347999,0.09303274253109343
Wave-6,Female,"£0-£300→£741-£1,111",33.2063492063492,0.05605631670643183,0.021161225774560755,0.0006691767152867278,0.02350641080399661,0.09305854068306652
Wave-6,Female,"£0-£300→£741-£1,111",34.22222222222222,0.056030277551446676,0.02114751607816088,0.0006687431766201977,0.023406224517596903,0.09316605769971936
Wave-6,Female,"£0-£300→£741-£1,111",35.23809523809524,0.056002424339090855,0.021133146184732488,0.0006682887606905217,0.023343425456876486,0.09327079038562557
Wave-6,Female,"£0-£300→£741-£1,111",36.25396825396825,0.05597277465509928,0.021118128029745692,0.0006678138449304048,0.023345842411622037,0.09337272689660957
Wave-6,Female,"£0-£300→£741-£1,111",37.269841269841265,0.05594134681958917,0.021102474358812583,0.0006673188323914908,0.023345170881339784,0.09347185712614878
Wave-6,Female,"£0-£300→£741-£1,111",38.285714285714285,0.055908159861508835,0.021086198708873988,0.0006668041511494353,0.02343454075343053,0.09356696585545751
Wave-6,Female,"£0-£300→£741-£1,111",39.301587301587304,0.055873233491777495,0.021069315386658176,0.0006662702536227105,0.023478699742876412,0.0935322820087114
Wave-6,Female,"£0-£300→£741-£1,111",40.317460317460316,0.05583658807517145,0.02105183944443383,0.000665717615805846,0.02352272704819667,0.09331541022790406
Wave-6,Female,"£0-£300→£741-£1,111",41.33333333333333,0.05579824460101905,0.021033786653096208,0.0006651467364183396,0.02356661894512647,0.09309238646744351
Wave-6,Female,"£0-£300→£741-£1,111",42.34920634920635,0.055758224652773025,0.02101517347264244,0.0006645581359710033,0.02361037166976404,0.09286342150235036
Wave-6,Female,"£0-£300→£741-£1,111",43.36507936507937,0.05571655037653521,0.020996017020109004,0.0006639523557520577,0.023653981420159325,0.09264909578174263
Wave-6,Female,"£0-£300→£741-£1,111",44.38095238095238,0.055673244448615225,0.02097633503506201,0.0006633299567358389,0.023697444357920636,0.09260854845892899
Wave-6,Female,"£0-£300→£741-£1,111",45.39682539682539,0.055628330042210274,0.020956145842748134,0.0006626915184175288,0.02374075660983669,0.09256499148340026
Wave-6,Female,"£0-£300→£741-£1,111",46.41269841269841,0.055581830793299515,0.020935468315031243,0.0006620376375778624,0.02373022426974706,0.09251842504115908
Wave-6,Female,"£0-£300→£741-£1,111",47.42857142857143,0.05553377076585133,0.020914321829256476,0.0006613689269822963,0.023622485384348958,0.0924688505157177
Wave-6,Female,"£0-£300→£741-£1,111",48.44444444444444,0.055484174416446985,0.020892726225199776,0.0006606860140196328,0.02350873816336048,0.09225613782359099
Wave-6,Female,"£0-£300→£741-£1,111",49.460317460317455,0.055433066558428674,0.020870701760276195,0.0006599895392855828,0.023389573182454246,0.09189470323127381
Wave-6,Female,"£0-£300→£741-£1,111",50.476190476190474,0.05538047232568356,0.02084826906319499,0.0006592801551172107,0.02326437673958259,0.09181806387117297
Wave-6,Female,"£0-£300→£741-£1,111",51.492063492063494,0.05532641713617848,0.020825449086262698,0.0006585585240846251,0.023133323174451187,0.09174765721060144
Wave-6,Female,"£0-£300→£741-£1,111",52.507936507936506,0.05527092665536325,0.02080226305654771,0.0006578253174466681,0.022996591522064482,0.09168550474844568
Wave-6,Female,"£0-£300→£741-£1,111",53.52380952380952,0.05521402675956115,0.020778732426130517,0.0006570812135776884,0.02296396095332956,0.09159067328074652
Wave-6,Female,"£0-£300→£741-£1,111",54.53968253968254,0.055155743499467065,0.020754878821672897,0.0006563268963727802,0.022950751485099598,0.09150420114243468
Wave-6,Female,"£0-£300→£741-£1,111",55.55555555555556,0.05509610306387356,0.020730723993546793,0.0006555630536390964,0.02294044753972752,0.09141248455865943
Wave-6,Female,"£0-£300→£741-£1,111",56.57142857142857,0.055035131743744574,0.020706289764769237,0.0006547903754810292,0.02293053082444875,0.09131558433287501
Wave-6,Female,"£0-£300→£741-£1,111",57.58730158730158,0.05497285589675511,0.020681597979993385,0.0006540095526871657,0.02292099643541049,0.09121413528947758
Wave-6,Female,"£0-£300→£741-£1,111",58.6031746031746,0.05490930191241276,0.020656670454807288,0.0006532212751269728,0.022848384072547946,0.09113013029097791
Wave-6,Female,"£0-£300→£741-£1,111",59.61904761904762,0.05484449617787414,0.020631528925591707,0.0006524262301651638,0.022753592296440785,0.09103360041598507
Wave-6,Female,"£0-£300→£741-£1,111",60.63492063492063,0.05477846504456524,0.02060619500018572,0.0006516251011016065,0.022657433184385956,0.09093485915556658
Wave-6,Female,"£0-£300→£741-£1,111",61.650793650793645,0.0547112347957099,0.02058069010960413,0.0006508185656444945,0.022559944444757774,0.09075566981233074
Wave-6,Female,"£0-£300→£741-£1,111",62.666666666666664,0.05464283161486573,0.020555035461043817,0.000650007294424277,0.022469208297183525,0.09062911246952093
Wave-6,Female,"£0-£300→£741-£1,111",63.682539682539684,0.05457328155556009,0.020529251992407245,0.0006491919495555663,0.02256463263895679,0.0904978788057104
Wave-6,Female,"£0-£300→£741-£1,111",64.6984126984127,0.05450261051211268,0.02050336032856019,0.000648373183253885,0.022675182984434338,0.09035652587247205
Wave-6,Female,"£0-£300→£741-£1,111",65.71428571428571,0.05443084419172338,0.02047738073952756,0.0006475516365137025,0.022788644724450594,0.09027933463211818
Wave-6,Female,"£0-£300→£741-£1,111",66.73015873015873,0.054358008087896946,0.020451333100816236,0.000646727937853733,0.02286490520390593,0.09023606194701013
Wave-6,Female,"£0-£300→£741-£1,111",67.74603174603175,0.05428412745526726,0.020425236856036835,0.0006459027021349311,0.022834585170934608,0.09015678488359605
Wave-6,Female,"£0-£300→£741-£1,111",68.76190476190476,0.054209227285875614,0.020399110981977702,0.0006450765294560354,0.02273734905300164,0.08986928178665454
Wave-6,Female,"£0-£300→£741-£1,111",69.77777777777777,0.05413333228694874,0.020372973956264407,0.0006442500041308714,0.022644149835183355,0.08969170958243465
Wave-6,Female,"£0-£300→£741-£1,111",70.79365079365078,0.054056466860212884,0.020346843727716404,0.0006434236937509469,0.022605996102848334,0.08961375340798884
Wave-6,Female,"£0-£300→£741-£1,111",71.80952380952381,0.05397865508277127,0.020320737689489998,0.0006425981483361583,0.022529741108192114,0.08944483546136613
Wave-6,Female,"£0-£300→£741-£1,111",72.82539682539682,0.05389992068956298,0.020294672655073294,0.0006417738995756837,0.022565108303068206,0.08931501663547914
Wave-6,Female,"£0-£300→£741-£1,111",73.84126984126983,0.053820287057412146,0.02026866483717466,0.000640951460160378,0.022615816457299646,0.08918266047433417
Wave-6,Female,"£0-£300→£741-£1,111",74.85714285714286,0.05373977719066701,0.020242729829521775,0.0006401313232072078,0.022665518124930027,0.08904782432871639
Wave-6,Female,"£0-£300→£741-£1,111",75.87301587301587,0.05365841370842001,0.020216882591563894,0.0006393139617754952,0.02271540875557868,0.08891056539286346
Wave-6,Female,"£0-£300→£741-£1,111",76.88888888888889,0.05357621883329072,0.02019113743604577,0.0006384998284739699,0.022494195830232915,0.08877094067875421
Wave-6,Female,"£0-£300→£741-£1,111",77.9047619047619,0.05349321438174604,0.020165508019397923,0.0006376893551568836,0.02219359029369893,0.08862900699210129
Wave-6,Female,"£0-£300→£741-£1,111",78.92063492063491,0.053409421755923704,0.02014000733486552,0.0006368829527067253,0.022175904927006884,0.08850438188252187
Wave-6,Female,"£0-£300→£741-£1,111",79.93650793650794,0.053324861936917815,0.02011464770827647,0.0006360810109003978,0.02216935481764073,0.08844701173682004
Wave-6,Female,"£0-£300→£741-£1,111",80.95238095238095,0.053239555479478895,0.02008944079632976,0.0006352838983550885,0.02216476906695139,0.08838681096417154
Wave-6,Female,"£0-£300→£741-£1,111",81.96825396825396,0.05315352250807413,0.020064397587266955,0.0006344919625495062,0.022160422680646098,0.08812674989262073
Wave-6,Female,"£0-£300→£741-£1,111",82.98412698412699,0.053066782714248646,0.020039528403774275,0.000633705529915651,0.02215630557698898,0.0878931697512759
Wave-6,Female,"£0-£300→£741-£1,111",84.0,0.05297935535522349,0.020014842907949183,0.0006329249059958723,0.022123038858841364,0.08782402640954133
Wave-6,Female,"£0-£300→£1,112+",20.0,0.07251037033134562,0.025217229145272486,0.0007974388037744214,0.031154642522596605,0.11524609514503727
Wave-6,Female,"£0-£300→£1,112+",21.015873015873016,0.07249227089255482,0.0252114432280332,0.0007972558370061276,0.03090035129651055,0.11517372610201364
Wave-6,Female,"£0-£300→£1,112+",22.03174603174603,0.07247168426477697,0.025204799749047553,0.0007970457517543065,0.03064425535992026,0.11498650775285386
Wave-6,Female,"£0-£300→£1,112+",23.047619047619047,0.07244862510366928,0.025197300668147026,0.0007968086099942712,0.030500677380220474,0.11482027266811737
Wave-6,Female,"£0-£300→£1,112+",24.063492063492063,0.07242310927605457,0.025188949027600785,0.0007965445079310199,0.030477718755489738,0.11484468074050236
Wave-6,Female,"£0-£300→£1,112+",25.07936507936508,0.07239515384465929,0.025179748967737517,0.0007962535764932416,0.03046980496327884,0.11482488495813009
Wave-6,Female,"£0-£300→£1,112+",26.095238095238095,0.07236477705082923,0.02516970573999178,0.0007959359817458784,0.030460814658688756,0.11469192456237313
Wave-6,Female,"£0-£300→£1,112+",27.11111111111111,0.07233199829522603,0.02515882571721912,0.0007955919252163173,0.03045075171770188,0.11454050955987129
Wave-6,Female,"£0-£300→£1,112+",28.126984126984127,0.07229683811651351,0.02514711640113053,0.0007952216441294893,0.03044279931949118,0.11436919400774792
Wave-6,Female,"£0-£300→£1,112+",29.142857142857142,0.07225931816804815,0.025134586426704752,0.0007948254115473981,0.0304201298588102,0.11417520781344823
Wave-6,Female,"£0-£300→£1,112+",30.158730158730158,0.07221946119259384,0.025121245563446516,0.0007944035364089093,0.030357259605568506,0.11401061957342265
Wave-6,Female,"£0-£300→£1,112+",31.174603174603174,0.07217729099508693,0.02510710471337015,0.0007939563634659864,0.030217097117881758,0.11399978184545351
Wave-6,Female,"£0-£300→£1,112+",32.19047619047619,0.07213283241348413,0.025092175905600887,0.0007934842731129696,0.030283294717734402,0.1139713601685934
Wave-6,Female,"£0-£300→£1,112+",33.2063492063492,0.07208611128773205,0.025076472287500862,0.0007929876811059544,0.03034701756380608,0.11390428482990769
Wave-6,Female,"£0-£300→£1,112+",34.22222222222222,0.07203715442690446,0.025060008112242852,0.0007924670381698393,0.030466886785864577,0.11393102610685832
Wave-6,Female,"£0-£300→£1,112+",35.23809523809524,0.0719859895745596,0.02504279872277252,0.0007919228294911676,0.0305495613533362,0.11391138808445665
Wave-6,Female,"£0-£300→£1,112+",36.25396825396825,0.07193264537237755,0.025024860532118887,0.0007913555740954893,0.03060634773183873,0.11385689845595878
Wave-6,Female,"£0-£300→£1,112+",37.269841269841265,0.07187715132214519,0.02500621100003291,0.0007907658241086086,0.030493777530348095,0.11373052049430901
Wave-6,Female,"£0-£300→£1,112+",38.285714285714285,0.07181953774616281,0.024986868605955437,0.000790154163901755,0.030381990673862217,0.11360518377151328
Wave-6,Female,"£0-£300→£1,112+",39.301587301587304,0.07175983574615476,0.024966852818337777,0.0007895212091214149,0.03029700948357674,0.11356206478609832
Wave-6,Female,"£0-£300→£1,112+",40.317460317460316,0.07169807716077338,0.024946184060361087,0.0007888676056052839,0.030361089636231305,0.1135175103334721
Wave-6,Female,"£0-£300→£1,112+",41.33333333333333,0.07163429452179296,0.024924883672123706,0.000788194028186524,0.030472154758711012,0.11346606391389318
Wave-6,Female,"£0-£300→£1,112+",42.34920634920635,0.07156852100909768,0.024902973869389312,0.0007875011793892672,0.03061070011317624,0.11340521796279349
Wave-6,Female,"£0-£300→£1,112+",43.36507936507937,0.07150079040457435,0.024880477699011867,0.0007867897880190279,0.030751057440489653,0.11338133015950179
Wave-6,Female,"£0-£300→£1,112+",44.38095238095238,0.0714311370450273,0.024857418991176397,0.0007860606076524234,0.03063623463836046,0.11329506895332739
Wave-6,Female,"£0-£300→£1,112+",45.39682539682539,0.07135959577423899,0.024833822308617245,0.0007853144150313144,0.03067379159536358,0.11329636767420184
Wave-6,Female,"£0-£300→£1,112+",46.41269841269841,0.07128620189430618,0.024809712892997018,0.0007845520083671588,0.03073916160890256,0.11330417468106707
Wave-6,Female,"£0-£300→£1,112+",47.42857142857143,0.07121099111638557,0.02478511660865011,0.0007837742055620251,0.03075981418579445,0.11322572453012851
Wave-6,Female,"£0-£300→£1,112+",48.44444444444444,0.07113399951098899,0.02476005988391407,0.0007829818423533275,0.030746129248711722,0.11301658406535382
Wave-6,Female,"£0-£300→£1,112+",49.460317460317455,0.07105526345797047,0.024734569650289962,0.0007821757703899075,0.030732687608370002,0.11276140832269466
Wave-6,Female,"£0-£300→£1,112+",50.476190476190474,0.0709748195963521,0.024708673279689064,0.0007813568552476009,0.030624760538308912,0.11263639651464508
Wave-6,Female,"£0-£300→£1,112+",51.492063492063494,0.07089270477413706,0.024682398520037768,0.0007805259743928851,0.030560343306670838,0.11250698480592095
Wave-6,Female,"£0-£300→£1,112+",52.507936507936506,0.07080895599825998,0.024655773429524637,0.0007796840151035887,0.03059903556225091,0.11241115684384277
Wave-6,Female,"£0-£300→£1,112+",53.52380952380952,0.07072361038482576,0.02462882630978423,0.0007788318723559789,0.030816469643436657,0.112278358023231
Wave-6,Female,"£0-£300→£1,112+",54.53968253968254,0.07063670510978702,0.024601585638319986,0.0007779704466877853,0.030741005737025918,0.11212694616146428
Wave-6,Female,"£0-£300→£1,112+",55.55555555555556,0.07054827736020948,0.024574080000474587,0.0007771006420469134,0.03075541167153388,0.11192991103578515
Wave-6,Female,"£0-£300→£1,112+",56.57142857142857,0.07045836428627295,0.02454633802125927,0.000776223363635699,0.030612823833041803,0.11177101373807596
Wave-6,Female,"£0-£300→£1,112+",57.58730158730158,0.07036700295415109,0.024518388297355122,0.0007753395157605993,0.03046087431932833,0.11160331959011058
Wave-6,Female,"£0-£300→£1,112+",58.6031746031746,0.0702742302999108,0.024490259329597548,0.0007744499996971655,0.030383259248456463,0.11123351112987452
Wave-6,Female,"£0-£300→£1,112+",59.61904761904762,0.0701800830845659,0.02446197945625208,0.0007735557115800379,0.03035921650836729,0.11086484830314974
Wave-6,Female,"£0-£300→£1,112+",60.63492063492063,0.07008459785041429,0.024433576787383334,0.00077265754032751,0.030157301910314144,0.11066467653988553
Wave-6,Female,"£0-£300→£1,112+",61.650793650793645,0.06998781087878207,0.02440507914061112,0.0007717563656099585,0.030044403553369122,0.1106562616805266
Wave-6,Female,"£0-£300→£1,112+",62.666666666666664,0.06988975814928888,0.024376513978537264,0.0007708530558711061,0.029803075470973883,0.11047641335028925
Wave-6,Female,"£0-£300→£1,112+",63.682539682539684,0.06979047530074306,0.024347908348114577,0.0007699484664106991,0.02949031965824452,0.11013300415814617
Wave-6,Female,"£0-£300→£1,112+",64.6984126984127,0.0696899975937641,0.02431928882221503,0.0007690434375367317,0.029453283826571718,0.10978255518884891
Wave-6,Female,"£0-£300→£1,112+",65.71428571428571,0.06958835987522277,0.024290681443638332,0.000768138792794841,0.0294229498349011,0.10942753367663666
Wave-6,Female,"£0-£300→£1,112+",66.73015873015873,0.06948559654457807,0.024262111671784325,0.0007672353372819407,0.02942227180079641,0.10922652799558447
Wave-6,Female,"£0-£300→£1,112+",67.74603174603175,0.0693817415221805,0.02423360433219347,0.0007663338560505507,0.029393694483338454,0.1091551090107292
Wave-6,Female,"£0-£300→£1,112+",68.76190476190476,0.06927682821960111,0.024205183569139255,0.0007654351126096378,0.029290409218527717,0.10915851729329921
Wave-6,Female,"£0-£300→£1,112+",69.77777777777777,0.0691708895120347,0.024176872801434653,0.0007645398475270931,0.029169666875390916,0.1091101407560709
Wave-6,Female,"£0-£300→£1,112+",70.79365079365078,0.0690639577128143,0.024148694681592003,0.0007636487771382535,0.029048583287055063,0.10892673759770048
Wave-6,Female,"£0-£300→£1,112+",71.80952380952381,0.06895606455006442,0.02412067105845249,0.0007627625923641428,0.028927173261483415,0.10872168894708266
Wave-6,Female,"£0-£300→£1,112+",72.82539682539682,0.06884724114550843,0.024092822943377272,0.0007618819576423412,0.02880667953573897,0.10847275998835221
Wave-6,Female,"£0-£300→£1,112+",73.84126984126983,0.06873751799543532,0.02406517048006797,0.0007610075099726249,0.028685239666001942,0.108219158894182
Wave-6,Female,"£0-£300→£1,112+",74.85714285714286,0.06862692495382085,0.024037732918059815,0.0007601398580787462,0.02856274473085214,0.10795246582986724
Wave-6,Female,"£0-£300→£1,112+",75.87301587301587,0.06851549121758707,0.024010528589906422,0.0007592795816869526,0.028451334003022317,0.1076984561847732
Wave-6,Female,"£0-£300→£1,112+",76.88888888888889,0.06840324531397515,0.023983574892051066,0.0007584272309210834,0.0285189298797801,0.1075690080367836
Wave-6,Female,"£0-£300→£1,112+",77.9047619047619,0.0682902150899964,0.02395688826935594,0.000757583325813342,0.028508278233655763,0.10726879037864696
Wave-6,Female,"£0-£300→£1,112+",78.92063492063491,0.06817642770391788,0.023930484203238286,0.0007567483559291273,0.028493187106361322,0.10693561537448713
Wave-6,Female,"£0-£300→£1,112+",79.93650793650794,0.06806190961873036,0.02390437720334072,0.0007559227801036265,0.02847776198368922,0.106665389527527
Wave-6,Female,"£0-£300→£1,112+",80.95238095238095,0.06794668659753896,0.023878580802642775,0.0007551070262872278,0.02846200500560645,0.1063939953329606
Wave-6,Female,"£0-£300→£1,112+",81.96825396825396,0.06783078370080921,0.023853107555901944,0.0007543014914962229,0.028445918299721908,0.10629641220163576
Wave-6,Female,"£0-£300→£1,112+",82.98412698412699,0.06771422528539597,0.02382796904129543,0.0007535065418647229,0.028429503980883255,0.10635808301675521
Wave-6,Female,"£0-£300→£1,112+",84.0,0.06759703500527588,0.023803175865118636,0.000752722512793238,0.028412764150793357,0.1063587297312366
Wave-6,Male,£0-£300→£301-£490,20.0,0.10057339806390975,0.025792222561333827,0.0008156216921179682,0.06010106388453954,0.14415187735316892
Wave-6,Male,£0-£300→£301-£490,21.015873015873016,0.10062149088660502,0.02578029367036357,0.0008152444674637099,0.060092951423953204,0.14419019579104655
Wave-6,Male,£0-£300→£301-£490,22.03174603174603,0.10066510129655463,0.025767662866698498,0.0008148450463811096,0.06008250138585613,0.1442105435313083
Wave-6,Male,£0-£300→£301-£490,23.047619047619047,0.1007042106174332,0.025754334887641596,0.0008144235786768412,0.060133054120694585,0.14422867429044203
Wave-6,Male,£0-£300→£301-£490,24.063492063492063,0.1007388024169677,0.025740315454394796,0.0008139802452711955,0.060108659212614074,0.14424502455707128
Wave-6,Male,£0-£300→£301-£490,25.07936507936508,0.10076886252458547,0.02572561126320828,0.0008135152579181959,0.060027653120336075,0.14425961139593613
Wave-6,Male,£0-£300→£301-£490,26.095238095238095,0.10079437904560574,0.02571022997399217,0.000813028858845469,0.060113927619733484,0.14454802373380465
Wave-6,Male,£0-£300→£301-£490,27.11111111111111,0.10081534237197312,0.02569418019656239,0.0008125213203193002,0.0602233511249886,0.144492818921245
Wave-6,Male,£0-£300→£301-£490,28.126984126984127,0.10083174518953993,0.02567747147469729,0.0008119929441404605,0.06028955436829616,0.1444294121345906
Wave-6,Male,£0-£300→£301-£490,29.142857142857142,0.10084358248191194,0.02566011426818245,0.0008114440610764124,0.06023929948307301,0.14453706094086335
Wave-6,Male,£0-£300→£301-£490,30.158730158730158,0.10085085153087942,0.025642119933018893,0.0008108750302354394,0.06027494349815874,0.14444307099151493
Wave-6,Male,£0-£300→£301-£490,31.174603174603174,0.10085355191346315,0.025623500699964264,0.0008102862383880582,0.06029792180113992,0.14431890985546447
Wave-6,Male,£0-£300→£301-£490,32.19047619047619,0.1008516854956114,0.02560426965156816,0.0008096780992408121,0.0604158356961689,0.14419723055448294
Wave-6,Male,£0-£300→£301-£490,33.2063492063492,0.10084525642259135,0.025584440697851315,0.0008090510526671792,0.06053874729631849,0.1440346295175584
Wave-6,Male,£0-£300→£301-£490,34.22222222222222,0.10083427110612393,0.02556402855076496,0.0008084055638999067,0.06065963349732026,0.14380860230599493
Wave-6,Male,£0-£300→£301-£490,35.23809523809524,0.10081873820831803,0.025543048697550783,0.0008077421226885787,0.06077846906635909,0.14384714655531858
Wave-6,Male,£0-£300→£301-£490,36.25396825396825,0.10079866862246548,0.02552151737310509,0.0008070612424256941,0.06085473620382429,0.14374859179691776
Wave-6,Male,£0-£300→£301-£490,37.269841269841265,0.10077407545076389,0.025499451531432203,0.0008063634592439442,0.06091742455845618,0.14361648058547719
Wave-6,Male,£0-£300→£301-£490,38.285714285714285,0.10074497397904034,0.025476868816253793,0.0008056493310867979,0.06097998033067753,0.1433493975918467
Wave-6,Male,£0-£300→£301-£490,39.301587301587304,0.10071138164855324,0.02545378753082175,0.0008049194367539007,0.06104240243347205,0.14307302574615888
Wave-6,Male,£0-£300→£301-£490,40.317460317460316,0.1006733180249558,0.02543022660696401,0.0008041743749222182,0.06110468976786644,0.14316313238954084
Wave-6,Male,£0-£300→£301-£490,41.33333333333333,0.10063080476450856,0.025406205573375466,0.000803414763143306,0.06116684122156294,0.14292161492247796
Wave-6,Male,£0-£300→£301-£490,42.34920634920635,0.10058386557763321,0.02538174452315001,0.0008026412368165839,0.06122885566751421,0.14287248364734467
Wave-6,Male,£0-£300→£301-£490,43.36507936507937,0.10053252618990513,0.025356864080535807,0.000801854448138044,0.061268705879610974,0.1426869861696541
Wave-6,Male,£0-£300→£301-£490,44.38095238095238,0.10047681430058464,0.025331585366883954,0.0008010550650234535,0.061344865570476734,0.14261364115491518
Wave-6,Male,£0-£300→£301-£490,45.39682539682539,0.10041675953879355,0.025305929965751303,0.0008002437700048091,0.06140220850076742,0.1423400391456634
Wave-6,Male,£0-£300→£301-£490,46.41269841269841,0.10035239341744481,0.025279919887111795,0.0007994212590985997,0.06145855726725651,0.1421527022732665
Wave-6,Male,£0-£300→£301-£490,47.42857142857143,0.10028374928503898,0.025253577530626903,0.000798588240644316,0.06151465000925247,0.1420765458535372
Wave-6,Male,£0-£300→£301-£490,48.44444444444444,0.10021086227544318,0.02522692564792544,0.0007977454341116333,0.0615704868736929,0.14189624879868926
Wave-6,Male,£0-£300→£301-£490,49.460317460317455,0.10013376925577284,0.025199987303845484,0.0007968935688747736,0.061626068036394546,0.1416994855649043
Wave-6,Male,£0-£300→£301-£490,50.476190476190474,0.10005250877249856,0.025172785836596944,0.0007960333829527351,0.06168139369994695,0.14189861411662855
Wave-6,Male,£0-£300→£301-£490,51.492063492063494,0.09996712099590369,0.02514534481681202,0.0007951656217143541,0.061684967095831066,0.14176845749915618
Wave-6,Male,£0-£300→£301-£490,52.507936507936506,0.0998776476630214,0.025117688005462307,0.0007942910365475271,0.061507840011355855,0.14159326326919958
Wave-6,Male,£0-£300→£301-£490,53.52380952380952,0.09978413201918156,0.0250898393106354,0.0007934103834923673,0.061323962808850795,0.14127607462604447
Wave-6,Male,£0-£300→£301-£490,54.53968253968254,0.0996866187583,0.025061822743180365,0.0007925244218385908,0.06113348538010902,0.14125667685210722
Wave-6,Male,£0-£300→£301-£490,55.55555555555556,0.09958515396204569,0.02503366237124974,0.0007916339126880083,0.06093656180971277,0.14109539911437255
Wave-6,Male,£0-£300→£301-£490,56.57142857142857,0.09947978503802071,0.025005382273785823,0.0007907396174836331,0.06084239751485802,0.14090114044139082
Wave-6,Male,£0-£300→£301-£490,57.58730158730158,0.09937056065709139,0.02497700649302009,0.0007898422965075799,0.060790222306320266,0.14057475760396013
Wave-6,Male,£0-£300→£301-£490,58.6031746031746,0.09925753069000828,0.02494855898607656,0.0007889427073506298,0.060642314759787604,0.14037736954486324
Wave-6,Male,£0-£300→£301-£490,59.61904761904762,0.09914074614345364,0.02492006357579219,0.0007880416033570339,0.06055103161361318,0.14025146640556135
Wave-6,Male,£0-£300→£301-£490,60.63492063492063,0.09902025909565552,0.024891543900889292,0.0007871397320488269,0.06061989627649759,0.14012208683349434
Wave-6,Male,£0-£300→£301-£490,61.650793650793645,0.0988961226317063,0.02486302336565661,0.0007862378335346033,0.060605658562576596,0.1399513334499332
Wave-6,Male,£0-£300→£301-£490,62.666666666666664,0.09876839077872444,0.02483452508931596,0.0007853366389083499,0.06055610709951413,0.1397561191772032
Wave-6,Male,£0-£300→£301-£490,63.682539682539684,0.09863711844099524,0.024806071855270367,0.0007844368686445307,0.060504920541091495,0.13955771062991268
Wave-6,Male,£0-£300→£301-£490,64.6984126984127,0.09850236133522651,0.024777686060446617,0.000783539230996158,0.06045291944871183,0.1393561495392041
Wave-6,Male,£0-£300→£301-£490,65.71428571428571,0.09836417592605215,0.024749389664960274,0.0007826444204030604,0.060467544596803605,0.13927556052512402
Wave-6,Male,£0-£300→£301-£490,66.73015873015873,0.09822261936191477,0.024721204142343235,0.0007817531159179401,0.06043997264395468,0.13930067471545132
Wave-6,Male,£0-£300→£301-£490,67.74603174603175,0.0980777494114551,0.02469315043058393,0.0007808659796581276,0.060401619361621,0.13915803353796233
Wave-6,Male,£0-£300→£301-£490,68.76190476190476,0.09792962440053389,0.024665248884236622,0.0007799836552911452,0.06028439388048532,0.13899322808417983
Wave-6,Male,£0-£300→£301-£490,69.77777777777777,0.0977783031500068,0.024637519227860068,0.0007791067665623079,0.06016480192642456,0.1389925491161222
Wave-6,Male,£0-£300→£301-£490,70.79365079365078,0.0976238449143699,0.02460998051104602,0.0007782359158726003,0.06011117076312596,0.13868861219494974
Wave-6,Male,£0-£300→£301-£490,71.80952380952381,0.09746630932138874,0.02458265106529535,0.000777371682914979,0.05997936826370655,0.13852323111817516
Wave-6,Male,£0-£300→£301-£490,72.82539682539682,0.09730575631281828,0.024555548462993508,0.0007765146233770636,0.05978142426712379,0.1384051195532979
Wave-6,Male,£0-£300→£301-£490,73.84126984126983,0.09714224608631704,0.02452868947872807,0.0007756652677178895,0.05964414681790765,0.13819400738337317
Wave-6,Male,£0-£300→£301-£490,74.85714285714286,0.09697583903865206,0.024502090053178972,0.0007748241200260172,0.05948359820108479,0.1380153656356841
Wave-6,Male,£0-£300→£301-£490,75.87301587301587,0.09680659571028616,0.024475765259797545,0.0007739916569658308,0.0592354357029328,0.13784533627464587
Wave-6,Male,£0-£300→£301-£490,76.88888888888889,0.09663457673143205,0.02444972927447312,0.0007731683268183119,0.058993821572772956,0.13741147918360372
Wave-6,Male,£0-£300→£301-£490,77.9047619047619,0.09645984276965232,0.024423995348366714,0.0007723545486219648,0.0589877805003948,0.13714334814099455
Wave-6,Male,£0-£300→£301-£490,78.92063492063491,0.09628245447907659,0.02439857578406992,0.000771550711418895,0.05860386017263864,0.13679343921366818
Wave-6,Male,£0-£300→£301-£490,79.93650793650794,0.0961024724513008,0.02437348191522457,0.0007707571736103266,0.058443927364041026,0.13637876432558746
Wave-6,Male,£0-£300→£301-£490,80.95238095238095,0.09591995716802648,0.024348724089714488,0.0007699742624250779,0.0581430874960039,0.13609127081322597
Wave-6,Male,£0-£300→£301-£490,81.96825396825396,0.09573496895549027,0.024324311656516176,0.0007692022735037441,0.058123880870198055,0.13595915348775753
Wave-6,Male,£0-£300→£301-£490,82.98412698412699,0.09554756794072732,0.02430025295626954,0.0007684414706005179,0.05803802522358576,0.13591890013506694
Wave-6,Male,£0-£300→£301-£490,84.0,0.09535781400970411,0.024276555315604954,0.0007676920854037947,0.057776990998207385,0.1359233888912562
Wave-6,Male,£0-£300→£491-£740,20.0,0.11342059072020451,0.02689860543239199,0.00085060859048537,0.07283624451496082,0.1580171024807915
Wave-6,Male,£0-£300→£491-£740,21.015873015873016,0.11346436300021778,0.02688016971404693,0.0008500256018826527,0.07280976973426886,0.15799498940116974
Wave-6,Male,£0-£300→£491-£740,22.03174603174603,0.11350309440698979,0.026860951544187637,0.000849417869990499,0.07278224556331565,0.15788848861667928
Wave-6,Male,£0-£300→£491-£740,23.047619047619047,0.11353676893143294,0.026840959568514157,0.0008487856682099503,0.07276072688645024,0.1578038212252079
Wave-6,Male,£0-£300→£491-£740,24.063492063492063,0.11356537311999508,0.026820203746376316,0.0008481293114833009,0.07273693167498833,0.15772074142349393
Wave-6,Male,£0-£300→£491-£740,25.07936507936508,0.1135888960887081,0.026798695335888547,0.0008474491558233889,0.07283677938999877,0.15800105042864812
Wave-6,Male,£0-£300→£491-£740,26.095238095238095,0.1136073295332795,0.02677644687592895,0.0008467455977443551,0.07307043321554665,0.15790096741697437
Wave-6,Male,£0-£300→£491-£740,27.11111111111111,0.11362066773522739,0.02675347216518558,0.0008460190735990293,0.07304601222767515,0.1577839210041447
Wave-6,Male,£0-£300→£491-£740,28.126984126984127,0.11362890756406797,0.02672978623841241,0.0008452700588280775,0.07301837958496839,0.15765760731901968
Wave-6,Male,£0-£300→£491-£740,29.142857142857142,0.1136320484755746,0.02670540534005423,0.0008444990671259483,0.07298750727187253,0.1575900880414173
Wave-6,Male,£0-£300→£491-£740,30.158730158730158,0.1136300925061367,0.0266803468953947,0.0008437066495284944,0.07302734576840371,0.15755500565599148
Wave-6,Male,£0-£300→£491-£740,31.174603174603174,0.11362304426325538,0.026654629479374747,0.0008428933934269228,0.07308475174501534,0.15756529815964193
Wave-6,Male,£0-£300→£491-£740,32.19047619047619,0.11361091091222221,0.02662827278321995,0.0008420599215124612,0.07314747896212062,0.15742929769089953
Wave-6,Male,£0-£300→£491-£740,33.2063492063492,0.11359370215903568,0.02660129757900534,0.0008412068906557979,0.07318361009922306,0.1573289946235797
Wave-6,Male,£0-£300→£491-£740,34.22222222222222,0.11357143022961853,0.026573725682275277,0.0008403349907250184,0.07325883860240508,0.15721439510472446
Wave-6,Male,£0-£300→£491-£740,35.23809523809524,0.11354410984540785,0.02654557991282392,0.0008394449433453756,0.07326576329938352,0.15708551671104556
Wave-6,Male,£0-£300→£491-£740,36.25396825396825,0.11351175819539665,0.026516884053729657,0.0008385375006038443,0.07334179000901402,0.15694238767192384
Wave-6,Male,£0-£300→£491-£740,37.269841269841265,0.11347439490471505,0.026487662808724617,0.0008376134437010268,0.07337446701759227,0.1568179779576658
Wave-6,Male,£0-£300→£491-£740,38.285714285714285,0.1134320419998449,0.026457941757967944,0.0008366735815525813,0.07340426306054758,0.15683442418061244
Wave-6,Male,£0-£300→£491-£740,39.301587301587304,0.1133847238705702,0.026427747312280224,0.0008357187493419868,0.07343762826126783,0.1569290515779096
Wave-6,Male,£0-£300→£491-£740,40.317460317460316,0.1133324672287715,0.02639710666588565,0.0008347498070261201,0.07344673825431261,0.15702099074690698
Wave-6,Male,£0-£300→£491-£740,41.33333333333333,0.11327530106417968,0.02636604774769901,0.0008337676377948139,0.07333784034253557,0.15709393730483032
Wave-6,Male,£0-£300→£491-£740,42.34920634920635,0.11321325659721021,0.026334599171186756,0.000832773146485326,0.07314354889475363,0.15707701301656332
Wave-6,Male,£0-£300→£491-£740,43.36507936507937,0.11314636722900469,0.026302790182824772,0.0008317672579524295,0.0728598472750046,0.15687561277372503
Wave-6,Male,£0-£300→£491-£740,44.38095238095238,0.11307466848881255,0.026270650609171612,0.0008307509153947222,0.0727712578852453,0.15664112456776397
Wave-6,Male,£0-£300→£491-£740,45.39682539682539,0.11299819797884982,0.026238210802573277,0.0008297250786376612,0.0728897248013883,0.15651394690247175
Wave-6,Male,£0-£300→£491-£740,46.41269841269841,0.11291699531677728,0.026205501585515857,0.0008286907223738385,0.072762203515429,0.1561600612751285
Wave-6,Male,£0-£300→£491-£740,47.42857142857143,0.1128311020759443,0.026172554193644643,0.0008276488343610869,0.072644523563806,0.15592950976528716
Wave-6,Male,£0-£300→£491-£740,48.44444444444444,0.11274056172354827,0.026139400217472904,0.0008266004135791505,0.0725255444904666,0.15582877410559287
Wave-6,Male,£0-£300→£491-£740,49.460317460317455,0.11264541955686325,0.02610607154281059,0.0008255464683458738,0.07240410027697705,0.1558034499878632
Wave-6,Male,£0-£300→£491-£740,50.476190476190474,0.11254572263769412,0.026072600289952404,0.000824488014394161,0.07228022613668508,0.15562012629313848
Wave-6,Male,£0-£300→£491-£740,51.492063492063494,0.11244151972521539,0.02603901875167615,0.0008234260729113101,0.07227918008579558,0.1553536095867504
Wave-6,Male,£0-£300→£491-£740,52.507936507936506,0.11233286120735542,0.026005359330115555,0.0008223616685427575,0.07231610020464777,0.15508322884583434
Wave-6,Male,£0-£300→£491-£740,53.52380952380952,0.11221979903088909,0.025971654472586973,0.0008212958273627396,0.07223861411261756,0.15480410949670428
Wave-6,Male,£0-£300→£491-£740,54.53968253968254,0.11210238663040255,0.025937936606465838,0.0008202295748149054,0.0721098567155416,0.15450747672813814
Wave-6,Male,£0-£300→£491-£740,55.55555555555556,0.11198067885629465,0.025904238073226813,0.0008191639336264833,0.07198689617660078,0.1543195760705945
Wave-6,Male,£0-£300→£491-£740,56.57142857142857,0.11185473190198011,0.0258705910617801,0.0008180999217001897,0.07189838906739979,0.15427048881712857
Wave-6,Male,£0-£300→£491-£740,57.58730158730158,0.11172460323045928,0.02583702754125567,0.0008170385499886796,0.07190204088492237,0.15411360306025212
Wave-6,Male,£0-£300→£491-£740,58.6031746031746,0.11159035150041788,0.025803579193406676,0.0008159808203569554,0.07182503989585205,0.1541358560329631
Wave-6,Male,£0-£300→£491-£740,59.61904761904762,0.1114520364920207,0.02577027734482239,0.0008149277234387515,0.07179931709600501,0.15414211360091082
Wave-6,Male,£0-£300→£491-£740,60.63492063492063,0.11130971903255989,0.025737152899159545,0.0008138802364935007,0.0717812874103814,0.15393958380838574
Wave-6,Male,£0-£300→£491-£740,61.650793650793645,0.11116346092211751,0.025704236269618645,0.0008128393212710484,0.0716668510457076,0.15370672312449235
Wave-6,Male,£0-£300→£491-£740,62.666666666666664,0.11101332485939952,0.02567155731190769,0.0008118059218917789,0.07165908391815438,0.1537665329291105
Wave-6,Male,£0-£300→£491-£740,63.682539682539684,0.11085937436789467,0.025639145257950444,0.0008107809627502874,0.07156432017151504,0.15342640445718014
Wave-6,Male,£0-£300→£491-£740,64.6984126984127,0.11070167372250944,0.025607028650608397,0.0008097653464511058,0.07112128448985554,0.15319445466853548
Wave-6,Male,£0-£300→£491-£740,65.71428571428571,0.11054028787682554,0.02557523527969551,0.0008087599517853131,0.07121026807188378,0.15289270665962673
Wave-6,Male,£0-£300→£491-£740,66.73015873015873,0.11037528239112271,0.0255437921195721,0.0008077656317570795,0.07087386205456081,0.15268727868088725
Wave-6,Male,£0-£300→£491-£740,67.74603174603175,0.11020672336130458,0.02551272526860841,0.0008067832116693369,0.07060017645178193,0.1522902729862713
Wave-6,Male,£0-£300→£491-£740,68.76190476190476,0.11003467734886073,0.025482059890809608,0.0008058134872777991,0.0705366176433349,0.15192194674392576
Wave-6,Male,£0-£300→£491-£740,69.77777777777777,0.10985921131199204,0.02545182015989215,0.0008048572230225014,0.07048659199925554,0.15181212682557452
Wave-6,Male,£0-£300→£491-£740,70.79365079365078,0.10968039253802118,0.02542202920609601,0.000803915150345855,0.07043542670275743,0.1518288271057938
Wave-6,Male,£0-£300→£491-£740,71.80952380952381,0.10949828857720345,0.02539270906600901,0.0008029879661059537,0.07038312511144132,0.15184204187198191
Wave-6,Male,£0-£300→£491-£740,72.82539682539682,0.10931296717804705,0.025363880635667763,0.0008020763310934953,0.07032969068167588,0.15184763806989
Wave-6,Male,£0-£300→£491-£740,73.84126984126983,0.10912449622424458,0.025335563627185007,0.0008011808686602171,0.07017192788719273,0.15168132144646168
Wave-6,Male,£0-£300→£491-£740,74.85714285714286,0.10893294367331113,0.025307776529135642,0.0008003021634661929,0.06991817254801874,0.1514602690489435
Wave-6,Male,£0-£300→£491-£740,75.87301587301587,0.10873837749701609,0.02528053657091335,0.0007994407603526902,0.06978218271397149,0.15153631793710776
Wave-6,Male,£0-£300→£491-£740,76.88888888888889,0.10854086562368918,0.025253859691247195,0.0007985971633465773,0.06958263760002181,0.1515425219425348
Wave-6,Male,£0-£300→£491-£740,77.9047619047619,0.10834047588247256,0.025227760511042693,0.0007977718348014832,0.06936922074490216,0.15066146283048779
Wave-6,Male,£0-£300→£491-£740,78.92063492063491,0.10813727594958371,0.02520225231068552,0.0007969651946800774,0.06898793265600361,0.1498269344229792
Wave-6,Male,£0-£300→£491-£740,79.93650793650794,0.10793133329664521,0.025177347011918046,0.0007961776199809554,0.06891511039476016,0.1496624437175411
Wave-6,Male,£0-£300→£491-£740,80.95238095238095,0.10772271514112976,0.02515305516437007,0.0007954094443127036,0.06845958121007985,0.14986747270097855
Wave-6,Male,£0-£300→£491-£740,81.96825396825396,0.1075114883989606,0.025129385936795708,0.0007946609576167851,0.06829604853973402,0.14982142404086615
Wave-6,Male,£0-£300→£491-£740,82.98412698412699,0.10729771963929911,0.02510634711303868,0.000793932406039951,0.06816188378372023,0.15002874963937157
Wave-6,Male,£0-£300→£491-£740,84.0,0.10708147504154379,0.02508394509271872,0.0007932239919559467,0.06803153323762162,0.14986453655784276
Wave-6,Male,"£0-£300→£741-£1,111",20.0,0.1474246771109274,0.03016498627907348,0.0009539006222959975,0.09909251992087637,0.1995384627882615
Wave-6,Male,"£0-£300→£741-£1,111",21.015873015873016,0.14744336765789176,0.03012388877136037,0.0009526010049906999,0.09920756391895054,0.19928779879121078
Wave-6,Male,"£0-£300→£741-£1,111",22.03174603174603,0.14745571945653024,0.030082240050865947,0.0009512839568067587,0.09932054186701422,0.1993127985835141
Wave-6,Male,"£0-£300→£741-£1,111",23.047619047619047,0.1474617296330233,0.03004006277135043,0.0009499501941189728,0.09941678387462598,0.1995173317408115
Wave-6,Male,"£0-£300→£741-£1,111",24.063492063492063,0.14746139856318746,0.02999738131005144,0.0009486004878032815,0.0995402619951985,0.19950196474040352
Wave-6,Male,"£0-£300→£741-£1,111",25.07936507936508,0.14745472986683764,0.029954221739192908,0.0009472356623357976,0.09967411115834934,0.1993716320101112
Wave-6,Male,"£0-£300→£741-£1,111",26.095238095238095,0.14744173039691338,0.029910611791543577,0.0009458565947036716,0.09982797374334482,0.1992331496636174
Wave-6,Male,"£0-£300→£741-£1,111",27.11111111111111,0.14742241022343142,0.029866580820141195,0.000944464213131459,0.09984576578538837,0.19915463255209356
Wave-6,Male,"£0-£300→£741-£1,111",28.126984126984127,0.14739678261233763,0.029822159752320915,0.00094305949562737,0.09979967998523061,0.19906193760978297
Wave-6,Male,"£0-£300→£741-£1,111",29.142857142857142,0.14736486399934914,0.02977738103820747,0.0009416434683544499,0.09970724974173892,0.19894632818959535
Wave-6,Male,"£0-£300→£741-£1,111",30.158730158730158,0.14732667395888763,0.02973227859385019,0.0009402172038323497,0.09984045723105639,0.19890270857980086
Wave-6,Male,"£0-£300→£741-£1,111",31.174603174603174,0.1472822351682183,0.029686887739198062,0.000938781818975926,0.09998564623403072,0.19892729692872785
Wave-6,Male,"£0-£300→£741-£1,111",32.19047619047619,0.14723157336692197,0.02964124513112876,0.0009373384729774323,0.10012749627961173,0.19852630191792625
Wave-6,Male,"£0-£300→£741-£1,111",33.2063492063492,0.1471747173118373,0.029595388691760243,0.000935888365039533,0.100337203643484,0.1982070742091786
Wave-6,Male,"£0-£300→£741-£1,111",34.22222222222222,0.1471116987276226,0.029549357532286994,0.0009344327319667939,0.10046432026777309,0.1979764032046536
Wave-6,Male,"£0-£300→£741-£1,111",35.23809523809524,0.14704255225309487,0.02950319187259452,0.0009329728456236694,0.10057168210025727,0.19773607097220075
Wave-6,Male,"£0-£300→£741-£1,111",36.25396825396825,0.14696731538351546,0.029456932956915788,0.0009315100102673248,0.10065528099229151,0.19740946052008357
Wave-6,Male,"£0-£300→£741-£1,111",37.269841269841265,0.14688602840899628,0.029410622965801714,0.0009300455597638984,0.10074529053217147,0.19728206988791236
Wave-6,Male,"£0-£300→£741-£1,111",38.285714285714285,0.1467987343492132,0.029364304924685114,0.0009285808546970406,0.10085327108289086,0.19728844737951506
Wave-6,Male,"£0-£300→£741-£1,111",39.301587301587304,0.14670547888461571,0.029318022609323167,0.0009271172793777411,0.10088571009772437,0.19712506498121884
Wave-6,Male,"£0-£300→£741-£1,111",40.317460317460316,0.1466063102843309,0.029271820448408294,0.000925656238764615,0.10095213071102453,0.19693128320196723
Wave-6,Male,"£0-£300→£741-£1,111",41.33333333333333,0.14650127933096468,0.02922574342364112,0.0009241991553039325,0.10091691985542013,0.19670983512868995
Wave-6,Male,"£0-£300→£741-£1,111",42.34920634920635,0.14639043924250722,0.02917983696756229,0.0009227474656987767,0.10069516078465551,0.19653884915610387
Wave-6,Male,"£0-£300→£741-£1,111",43.36507936507937,0.14627384559155426,0.02913414685944227,0.0009213026176167904,0.10053977393542986,0.19630783408718477
Wave-6,Male,"£0-£300→£741-£1,111",44.38095238095238,0.14615155622205947,0.029088719119530596,0.0009198660663460442,0.10039593991740535,0.19592281400751682
Wave-6,Male,"£0-£300→£741-£1,111",45.39682539682539,0.14602363116383452,0.02904359990196774,0.0009184392714086111,0.10014548860193037,0.19570819812564538
Wave-6,Male,"£0-£300→£741-£1,111",46.41269841269841,0.1458901325450169,0.028998835386664867,0.0009170236931415058,0.09997051440053073,0.19533687446707668
Wave-6,Male,"£0-£300→£741-£1,111",47.42857142857143,0.14575112450272573,0.028954471670458483,0.0009156207892546908,0.09996107995347353,0.19489221229297274
Wave-6,Male,"£0-£300→£741-£1,111",48.44444444444444,0.14560667309212663,0.028910554657849478,0.0009142320113759429,0.0999143712722826,0.19483596292928934
Wave-6,Male,"£0-£300→£741-£1,111",49.460317460317455,0.14545684619412735,0.028867129951638166,0.0009128588015924288,0.0998065252201245,0.19490711982697248
Wave-6,Male,"£0-£300→£741-£1,111",50.476190476190474,0.1453017134219243,0.02882424274376997,0.0009115025889989428,0.09977044715575314,0.19491011293798935
Wave-6,Male,"£0-£300→£741-£1,111",51.492063492063494,0.14514134602661988,0.028781937706709202,0.0009101647862628443,0.09992078341807686,0.19469766020276208
Wave-6,Male,"£0-£300→£741-£1,111",52.507936507936506,0.1449758168021281,0.028740258885661854,0.0009088467862158425,0.09975196653885193,0.19428411955968397
Wave-6,Male,"£0-£300→£741-£1,111",53.52380952380952,0.14480519998958424,0.028699249591971634,0.0009075499584828838,0.09966586973634371,0.1938117563588822
Wave-6,Male,"£0-£300→£741-£1,111",54.53968253968254,0.14462957118147124,0.02865895229801692,0.0009062756461585015,0.09938887087333409,0.1937253419524725
Wave-6,Male,"£0-£300→£741-£1,111",55.55555555555556,0.14444900722567208,0.028619408533939725,0.0009050251625410986,0.09909058447330224,0.19361305506384582
Wave-6,Male,"£0-£300→£741-£1,111",56.57142857142857,0.14426358612965426,0.028580658786540473,0.0009037997879357204,0.09882658348034876,0.19297699839445656
Wave-6,Male,"£0-£300→£741-£1,111",57.58730158730158,0.14407338696498762,0.028542742400675048,0.0009026007665359549,0.09858484624778206,0.19279977690217404
Wave-6,Male,"£0-£300→£741-£1,111",58.6031746031746,0.14387848977239226,0.028505697483491743,0.0009014293033956393,0.09854145108149429,0.19216163183675242
Wave-6,Male,"£0-£300→£741-£1,111",59.61904761904762,0.1436789754675088,0.028469560811846397,0.0009002865615010702,0.09854442542446058,0.19147273277313784
Wave-6,Male,"£0-£300→£741-£1,111",60.63492063492063,0.14347492574757612,0.02843436774323283,0.0008991736589543756,0.098327879616754,0.19099978521383026
Wave-6,Male,"£0-£300→£741-£1,111",61.650793650793645,0.14326642299919776,0.028400152130563162,0.0008980916662786329,0.09806421204528643,0.1909536634162753
Wave-6,Male,"£0-£300→£741-£1,111",62.666666666666664,0.14305355020737034,0.028366946241127684,0.0008970416038551546,0.09785506766115246,0.19107467221659893
Wave-6,Male,"£0-£300→£741-£1,111",63.682539682539684,0.14283639086594127,0.028334780680057643,0.0008960244395031688,0.09791656781897923,0.19095746999642904
Wave-6,Male,"£0-£300→£741-£1,111",64.6984126984127,0.14261502888965566,0.0283036843186044,0.0008950410862118077,0.09797707145245953,0.19003542571564638
Wave-6,Male,"£0-£300→£741-£1,111",65.71428571428571,0.14238954852794491,0.02827368422753724,0.0008940924000339608,0.09778766475602786,0.18958386167507016
Wave-6,Male,"£0-£300→£741-£1,111",66.73015873015873,0.1421600342806023,0.028244805615946916,0.0008931791781510731,0.09758832004742579,0.18910024972196704
Wave-6,Male,"£0-£300→£741-£1,111",67.74603174603175,0.14192657081548116,0.028217071775725022,0.0008923021571174294,0.09730871616564142,0.1885403130480054
Wave-6,Male,"£0-£300→£741-£1,111",68.76190476190476,0.14168924288834558,0.028190504031968513,0.0008914620112918066,0.09732433895123291,0.18816235467888734
Wave-6,Male,"£0-£300→£741-£1,111",69.77777777777777,0.14144813526499125,0.028165121699535674,0.0008906593514636532,0.0972790360890729,0.1881608990848371
Wave-6,Male,"£0-£300→£741-£1,111",70.79365079365078,0.14120333264574877,0.028140942045953576,0.0008898947236801204,0.09704196512692981,0.1880359008130652
Wave-6,Male,"£0-£300→£741-£1,111",71.80952380952381,0.14095491959246975,0.0281179802608484,0.0008891686082793636,0.09707119763093026,0.18794382213596592
Wave-6,Male,"£0-£300→£741-£1,111",72.82539682539682,0.14070298045808835,0.028096249432038485,0.0008884814191345382,0.09665722674362232,0.18778459995379204
Wave-6,Male,"£0-£300→£741-£1,111",73.84126984126983,0.1404475993188405,0.0280757605283967,0.0008878335031118606,0.09633035620548344,0.18767217100019734
Wave-6,Male,"£0-£300→£741-£1,111",74.85714285714286,0.14018885990921343,0.028056522389552967,0.000887225139744973,0.09637273487839677,0.1870891616375107
Wave-6,Male,"£0-£300→£741-£1,111",75.87301587301587,0.13992684555968873,0.028038541722470955,0.0008866565411266893,0.0964180015456536,0.18628478223985961
Wave-6,Male,"£0-£300→£741-£1,111",76.88888888888889,0.13966163913733123,0.028021823104894535,0.0008861278520179812,0.09608078773243503,0.18563391509262547
Wave-6,Male,"£0-£300→£741-£1,111",77.9047619047619,0.13939332298926718,0.02800636899562074,0.000885639150172838,0.09578685923557691,0.18493409181636297
Wave-6,Male,"£0-£300→£741-£1,111",78.92063492063491,0.13912197888908415,0.027992179751516643,0.0008851904468763873,0.09569376731838876,0.18459319277897074
Wave-6,Male,"£0-£300→£741-£1,111",79.93650793650794,0.138847687986176,0.02797925365115862,0.0008847816876924346,0.09560393841037437,0.18445445707814642
Wave-6,Male,"£0-£300→£741-£1,111",80.95238095238095,0.13857053075804532,0.02796758692493386,0.0008844127534153561,0.09525639102575209,0.18430308272805146
Wave-6,Male,"£0-£300→£741-£1,111",81.96825396825396,0.13829058696556695,0.027957173791407133,0.0008840834612201169,0.09506259041893657,0.18412852398762417
Wave-6,Male,"£0-£300→£741-£1,111",82.98412698412699,0.13800793561120583,0.027948006499719822,0.0008837935660030465,0.09480225177470816,0.18376823578784973
Wave-6,Male,"£0-£300→£741-£1,111",84.0,0.13772265490017335,0.02794007537775507,0.0008835427619049545,0.09454106211905344,0.18342972561769064
Wave-6,Male,"£0-£300→£1,112+",20.0,0.18735753314659814,0.029561325481777714,0.0009348111917599193,0.13860550858966617,0.23672790964836596
Wave-6,Male,"£0-£300→£1,112+",21.015873015873016,0.1873252879275177,0.029497826630691705,0.0009328031817775628,0.13861885454571612,0.23667728068777194
Wave-6,Male,"£0-£300→£1,112+",22.03174603174603,0.18728547449795388,0.029434523547556584,0.000930801362521383,0.13862243373736463,0.23662117650700012
Wave-6,Male,"£0-£300→£1,112+",23.047619047619047,0.1872381157012545,0.029371469050290464,0.000928807404240605,0.1386254995881553,0.23655959908849797
Wave-6,Male,"£0-£300→£1,112+",24.063492063492063,0.18718323810041876,0.029308717903117246,0.000926823038732047,0.13861139513769571,0.23649255168836997
Wave-6,Male,"£0-£300→£1,112+",25.07936507936508,0.18712087193666907,0.02924632671555053,0.000924850056145711,0.13850335181743045,0.23640854962754063
Wave-6,Male,"£0-£300→£1,112+",26.095238095238095,0.187051051082507,0.029184353832854164,0.0009228903015208414,0.13862042712593703,0.2361984521531338
Wave-6,Male,"£0-£300→£1,112+",27.11111111111111,0.18697381298939814,0.029122859218286466,0.0009209456710621604,0.13877568644858895,0.2358192357402728
Wave-6,Male,"£0-£300→£1,112+",28.126984126984127,0.18688919863024267,0.0290619043274784,0.000919018108167357,0.13893405687139926,0.2360585602017202
Wave-6,Male,"£0-£300→£1,112+",29.142857142857142,0.1867972524368022,0.029001551975338213,0.0009171095992182417,0.1390664812496084,0.2360523916653532
Wave-6,Male,"£0-£300→£1,112+",30.158730158730158,0.1866980222322621,0.02894186619591588,0.0009152221691492719,0.1392701811712714,0.23595157556818835
Wave-6,Male,"£0-£300→£1,112+",31.174603174603174,0.1865915591591218,0.02888291209570009,0.0009133578768083946,0.1393333856533098,0.2358560101771253
Wave-6,Male,"£0-£300→£1,112+",32.19047619047619,0.18647791760261367,0.028824755700857064,0.0009115188101263143,0.13937668534853317,0.23577956044355156
Wave-6,Male,"£0-£300→£1,112+",33.2063492063492,0.18635715510986087,0.028767463798955062,0.0009097070811113818,0.13912495665833957,0.23576526397731987
Wave-6,Male,"£0-£300→£1,112+",34.22222222222222,0.18622933230499278,0.02871110377574977,0.0009079248206882952,0.13891837887209324,0.2354774220553669
Wave-6,Male,"£0-£300→£1,112+",35.23809523809524,0.18609451280044365,0.028655743447634198,0.0009061741733997005,0.13922364426626752,0.23498605029375805
Wave-6,Male,"£0-£300→£1,112+",36.25396825396825,0.18595276310466774,0.02860145089038146,0.0009044572919905629,0.1393417323713354,0.234715167070858
Wave-6,Male,"£0-£300→£1,112+",37.269841269841265,0.18580415252650892,0.028548294264830514,0.000902776331895866,0.13915478971955514,0.23458955569436202
Wave-6,Male,"£0-£300→£1,112+",38.285714285714285,0.18564875307646816,0.02849634164018259,0.0009011334456527536,0.13893855814752235,0.2342268259302196
Wave-6,Male,"£0-£300→£1,112+",39.301587301587304,0.18548663936511742,0.028445660815590117,0.0008995307772586767,0.13872921170046199,0.23382410692228603
Wave-6,Male,"£0-£300→£1,112+",40.317460317460316,0.18531788849891,0.028396319140730583,0.0008979704564974408,0.13877531281009708,0.23340247071822456
Wave-6,Male,"£0-£300→£1,112+",41.33333333333333,0.18514257997364209,0.02834838333606412,0.0008964545932552512,0.13893235197682866,0.23296235096681647
Wave-6,Male,"£0-£300→£1,112+",42.34920634920635,0.18496079556582024,0.02830191931347684,0.0008949852718489581,0.13890658220204788,0.23250331753917777
Wave-6,Male,"£0-£300→£1,112+",43.36507936507937,0.1847726192221923,0.028256991998011113,0.0008935645453886721,0.13875951835327932,0.23200730576309547
Wave-6,Male,"£0-£300→£1,112+",44.38095238095238,0.18457813694769826,0.02821366515137962,0.0008921944301967889,0.13856783898252248,0.23149578843666796
Wave-6,Male,"£0-£300→£1,112+",45.39682539682539,0.18437743669209755,0.028172001197952504,0.0008908769003052202,0.13836924008871937,0.2308706755560563
Wave-6,Male,"£0-£300→£1,112+",46.41269841269841,0.18417060823552925,0.02813206105389532,0.0008896138820522608,0.13812197510337446,0.23079050653364716
Wave-6,Male,"£0-£300→£1,112+",47.42857142857143,0.18395774307325793,0.02809390396012126,0.0008884072488000743,0.13810492048497738,0.2299579162643274
Wave-6,Male,"£0-£300→£1,112+",48.44444444444444,0.1837389342998573,0.028057587319703085,0.0008872588157932067,0.13785364494152,0.22938629667591912
Wave-6,Male,"£0-£300→£1,112+",49.460317460317455,0.18351427649307964,0.02802316654036938,0.000886170335177881,0.13756072554374563,0.22895008988496293
Wave-6,Male,"£0-£300→£1,112+",50.476190476190474,0.18328386559765616,0.027990694882685643,0.0008851434912010618,0.13742511844823568,0.22869180544656056
Wave-6,Male,"£0-£300→£1,112+",51.492063492063494,0.1830477988092679,0.02796022331449401,0.0008841798956074349,0.13699468599851128,0.22852839086676321
Wave-6,Male,"£0-£300→£1,112+",52.507936507936506,0.18280617445892375,0.027931800372155452,0.0008832810832515001,0.1366691669875015,0.22802147636764358
Wave-6,Male,"£0-£300→£1,112+",53.52380952380952,0.18255909189797545,0.02790547202910624,0.0008824485079409624,0.13637609386792843,0.22749933891065063
Wave-6,Male,"£0-£300→£1,112+",54.53968253968254,0.18230665138399343,0.027881281572205426,0.0008816835385264953,0.13653173097651872,0.22759687446117985
Wave-6,Male,"£0-£300→£1,112+",55.55555555555556,0.18204895396772242,0.027859269486313013,0.0008809874552517824,0.13658873607286848,0.22689398045219158
Wave-6,Male,"£0-£300→£1,112+",56.57142857142857,0.18178610138132686,0.027839473347499238,0.0008803614463764985,0.13635781794110086,0.22632423067055635
Wave-6,Male,"£0-£300→£1,112+",57.58730158730158,0.18151819592813132,0.02782192772524394,0.0008798066050835818,0.13614770218251981,0.22619506582486978
Wave-6,Male,"£0-£300→£1,112+",58.6031746031746,0.18124534037405005,0.027806664093942432,0.0008793239266808036,0.13595224856999236,0.2256236122093625
Wave-6,Male,"£0-£300→£1,112+",59.61904761904762,0.18096763784089556,0.02779371075398943,0.0008789143061052241,0.135822045724709,0.22543548355544446
Wave-6,Male,"£0-£300→£1,112+",60.63492063492063,0.18068519170174405,0.02778309276266747,0.0008785785357376913,0.135502065037185,0.2252632443034135
Wave-6,Male,"£0-£300→£1,112+",61.650793650793645,0.18039810547852944,0.027774831875019407,0.000878317303533065,0.13526503322322672,0.2255781593437325
Wave-6,Male,"£0-£300→£1,112+",62.666666666666664,0.18010648274202617,0.02776894649483783,0.0008781311914703669,0.13502466908693272,0.2250304448368899
Wave-6,Male,"£0-£300→£1,112+",63.682539682539684,0.17981042701437427,0.027765451635856704,0.0008780206743255524,0.1345347495499516,0.22452141432690323
Wave-6,Male,"£0-£300→£1,112+",64.6984126984127,0.17951004167428733,0.027764358893183395,0.0008779861187681112,0.1341615989354762,0.22427988851808311
Wave-6,Male,"£0-£300→£1,112+",65.71428571428571,0.17920542986507637,0.02776567642496231,0.0008780277827812215,0.13380916384895813,0.2240633013011452
Wave-6,Male,"£0-£300→£1,112+",66.73015873015873,0.17889669440561268,0.02776940894421537,0.0008781458154037225,0.13346969312773954,0.22383424321169124
Wave-6,Male,"£0-£300→£1,112+",67.74603174603175,0.17858393770433942,0.02777555772075936,0.0008783402567907468,0.13313019406186488,0.22366109276879434
Wave-6,Male,"£0-£300→£1,112+",68.76190476190476,0.17826726167643575,0.027784120593056506,0.0008786110385884681,0.13249318108143826,0.22329061413097248
Wave-6,Male,"£0-£300→£1,112+",69.77777777777777,0.17794676766422254,0.027795091989812865,0.0008789579846171029,0.13216331810088056,0.22244094606181503
Wave-6,Male,"£0-£300→£1,112+",70.79365079365078,0.17762255636089155,0.027808462961098856,0.0008793808118550274,0.1318329849003746,0.2219943299505387
Wave-6,Male,"£0-£300→£1,112+",71.80952380952381,0.17729472773762672,0.02782422121872869,0.0008798791317156874,0.1316878162419167,0.22165629702131256
Wave-6,Male,"£0-£300→£1,112+",72.82539682539682,0.17696338097417708,0.027842351185600234,0.0008804524516078621,0.13137701154169493,0.22157403299150577
Wave-6,Male,"£0-£300→£1,112+",73.84126984126983,0.1766286143929304,0.027862834053664153,0.0008811001767688092,0.13102506351798845,0.2214869536102929
Wave-6,Male,"£0-£300→£1,112+",74.85714285714286,0.1762905253965246,0.027885647850161635,0.0008818216123588854,0.1306715382035394,0.22139503983592787
Wave-6,Male,"£0-£300→£1,112+",75.87301587301587,0.17594921040902556,0.027910767511743356,0.000882615965805394,0.1303165259442303,0.2211319971905902
Wave-6,Male,"£0-£300→£1,112+",76.88888888888889,0.1756047648206881,0.027938164966058686,0.0008834823493826626,0.1297843418897462,0.22091494961198177
Wave-6,Male,"£0-£300→£1,112+",77.9047619047619,0.17525728293630774,0.027967809220383905,0.0008844197830147124,0.12935926583287896,0.2206698107077176
Wave-6,Male,"£0-£300→£1,112+",78.92063492063491,0.17490685792716057,0.027999666456840978,0.0008854271972863415,0.12886005722781282,0.22012208237475622
Wave-6,Male,"£0-£300→£1,112+",79.93650793650794,0.1745535817865191,0.028033700133744538,0.0008865034366479966,0.12823685546691574,0.22015223388437669
Wave-6,Male,"£0-£300→£1,112+",80.95238095238095,0.17419754528872244,0.02806987109260385,0.0008876472627994734,0.12766069793542073,0.220182780379724
Wave-6,Male,"£0-£300→£1,112+",81.96825396825396,0.17383883795177002,0.02810813767029899,0.0008888573582372378,0.12731740897232707,0.22005219600134782
Wave-6,Male,"£0-£300→£1,112+",82.98412698412699,0.17347754800339993,0.028148455815945495,0.0008901323299500113,0.12680436320558228,0.22004089149009887
Wave-6,Male,"£0-£300→£1,112+",84.0,0.17311376235060327,0.02819077921196,0.0008914707132472026,0.1262206636106789,0.2199272411981341
